filename,title,content,source,category,label,word_count
Not_Found_1766919481.txt,Not Found,The requested URL was not found on this server.,政府网站,plan_texts,0,47
中共自然资源部党组关于刘杨等5名同志职务任免的通知_1766919481.txt,中共自然资源部党组关于刘杨等5名同志职务任免的通知,中共自然资源部党组关于刘杨等5名同志职务任免的通知国家林业和草原局，中国地质调查局及部其他直属单位，各派出机构，部机关各司局：中共自然资源部党组2025年9月30日研究决定：刘杨任自然资源部油气资源战略研究中心党委委员、专职副书记，免去其国家海洋环境预报中心（自然资源部海啸预警中心）党委专职副书记、委员职务；杨学军任自然资源部人力资源开发中心党委专职副书记，免去其自然资源部人力资源开发中心副主任职务；赵萍任国家卫星海洋应用中心党委专职副书记，免去其国家卫星海洋应用中心纪委书记职务；徐永任国家测绘产品质量检验测试中心党委委员、专职副书记，免去其国家基础地理信息中心副主任职务；李世春任国家自然资源督察上海局二级巡视员，免去其国家自然资源督察沈阳局纪检组长、分党组成员职务。中共自然资源部党组2025年10月11日,政府网站,plan_texts,0,358
中共自然资源部党组关于张晓等13名同志任免职的通知_1766919481.txt,中共自然资源部党组关于张晓等13名同志任免职的通知,中共自然资源部党组关于张晓等13名同志任免职的通知国家林业和草原局，中国地质调查局及部其他直属单位，各派出机构，部机关各司局：中共自然资源部党组2025年9月30日研究决定：张晓任国家珠宝玉石首饰检验集团有限公司总经理（试用期一年）、党委副书记；王拥军任国家自然资源督察西安局专员（试用期一年）、分党组成员，免去其国家自然资源督察南京局副局长、分党组成员职务；张岩任国家自然资源督察西安局副局长（试用期一年）、分党组成员；谢健任自然资源部南海局一级巡视员，免去其自然资源部南海局副局长、分党组成员职务；杨娉任自然资源部人力资源开发中心副主任（试用期一年）；汤小俊任中国自然资源报社总编辑（试用期一年）；何祎任自然资源部机关服务中心（自然资源部机关服务局）副主任（副局长）（试用期一年）；李文谦任自然资源部国土空间规划研究中心党委委员、副书记兼纪委书记；万小冬任自然资源部第四海洋研究所（中国-东盟国家海洋科技联合研发中心）副所长（试用期一年）；欧阳欣任自然资源部第四海洋研究所（中国-东盟国家海洋科技联合研发中心）纪委书记、党委委员；张振华任国家基础地理信息中心副主任（试用期一年）；马伟任自然资源部国土卫星遥感应用中心总工程师（试用期一年）；周艳任国家珠宝玉石首饰检验集团有限公司董事、副总经理（试用期一年）。中共自然资源部党组2025年10月17日,政府网站,plan_texts,0,576
中共自然资源部党组关于梁安宝等3名同志任职的通知_1766919481.txt,中共自然资源部党组关于梁安宝等3名同志任职的通知,中共自然资源部党组关于梁安宝等3名同志任职的通知国家林业和草原局，中国地质调查局及部其他直属单位，各派出机构，部机关各司局：中共自然资源部党组2025年11月17日研究决定：梁安宝任黑龙江测绘地理信息局副局长（试用期一年）、党组成员；钱秀丽任自然资源部宣传教育中心副主任（试用期一年）；伊日和任中国自然资源报社副社长（试用期一年）。中共自然资源部党组2025年12月1日,政府网站,plan_texts,0,185
中共自然资源部党组关于门晓莹等3名同志职务任免的通知_1766919481.txt,中共自然资源部党组关于门晓莹等3名同志职务任免的通知,中共自然资源部党组关于门晓莹等3名同志职务任免的通知国家林业和草原局，中国地质调查局及部其他直属单位，各派出机构，部机关各司局：中共自然资源部党组2025年10月24日研究决定：门晓莹任国土空间规划局副局长（正司局长级，试用期一年）；王峰任矿产资源保护监督司副司长（正司局长级，试用期一年）。中共自然资源部党组2025年11月17日研究决定：苏强任自然资源部不动产登记中心（自然资源部法律事务中心）主任（试用期一年），党委委员、书记，免去其耕地保护监督司副司长职务、一级巡视员职级。中共自然资源部党组2025年12月12日,政府网站,plan_texts,0,261
中国地质博物馆2025年公开招聘在职人员考察对象名单_1766919481.txt,中国地质博物馆2025年公开招聘在职人员考察对象名单,中国地质博物馆2025年公开招聘在职人员考察对象名单根据《自然资源部直属事业单位公开招聘在职人员和引进科技创新人才暂行办法》规定，经资格审查、考试等程序，按照报考岗位考生考试成绩确定考察对象。现将考察对象名单公布如下：一、科技管理岗（项目管理、规划编制）郎昱二、计算机科学与技术应用岗刘海阳中国地质博物馆2025年10月13日,政府网站,plan_texts,0,163
中国自然资源经济研究院博士后科研工作站招收2026年度博士后研究人员公告_1766919481.txt,中国自然资源经济研究院博士后科研工作站招收2026年度博士后研究人员公告,中国自然资源经济研究院博士后科研工作站招收2026年度博士后研究人员公告中国自然资源经济研究院是自然资源部直属事业单位。博士后科研工作站的办站方针是围绕国家重大需求及自然资源重点工作，以重大项目为依托，以创新为目标，吸引、培养高层次优秀人才，建设国家一流的博士后科研工作站，服务支撑自然资源管理工作。为进一步提升我院科研和创新能力，根据工作发展需要，拟公开招收2026年度博士后研究人员。现将有关事项公告如下：一、招收范围（一）已获得博士学位或即将取得博士学位；（二）品学兼优、身体健康；（三）所学专业符合我院科研工作需要；（四）年龄原则上不超过35岁、获得博士学位一般不超过3年；（五）有相关工作经验或研究经历者优先。二、博士后研究方向及招收专业2026年拟招收博士后6名，具体研究方向及所需专业如下：（一）自然资源资产管理研究。招收专业要求：生态学、地理学、自然资源管理等相关专业;具有自然资源资产管理相关研究经历者优先。（二）法律法规及相关政策制度研究。招收专业要求：经济法学、民商法学、地质学、地质资源与地质工程、矿业工程等相关专业；具有自然资源领域相关研究或实务经历者优先。（三）自然资源有偿使用及土地要素市场化改革研究。招收专业要求：资源与环境、土地资源管理等相关专业；具有自然资源管理或改革相关研究经历者优先。（四）自然资源资产核算研究。招收专业要求：自然地理学、自然资源学、人口资源与环境经济学、生态经济学等相关专业；具有自然资源资产核算、生态产品价值核算相关研究经历者优先。（五）矿产资源规划编制研究。招收专业要求：地质学、地质资源与地质工程、矿业工程、自然地理学等相关专业；具有矿产规划相关研究经历以及能够熟练使用计量经济分析方法、arcgis软件者优先。（六）资源规划管理与政策研究。招收专业要求：地图学与地理信息系统、自然资源学、矿业经济、资源产业经济、城乡规划等相关专业；具有自然资源开发利用保护或规划相关研究经历以及能够熟练使用arcgis软件者优先。三、相关福利待遇中国自然资源经济研究院将为博士后研究人员提供科研及生活条件，博士后在站期间工资及福利待遇视同我院正式在编在岗职工。四、招收程序（一）报名1．报名材料：（1）《中国自然资源经济研究院2026年度博士后自荐表》（请从中国自然资源经济研究院网站通知公告栏下载，表格用宋体小五号字填写，表格照片处采用个人近期免冠一寸数码照片）；（2）博士学位证书复印件或学位授予单位同意授予学位的证明材料；（3）两篇以上已公开发表并能够代表本人学术水平的论文；（4）博士论文详细摘要。2．报名时间：2025年12月1日至12月19日。3．报名方式：请将自荐表、证明材料（扫描件）及论文等相关材料发至电子邮箱（jyyzhaopin@126.com），主题“姓名+2026博士后材料”。4．联系人及联系电话：刘老师、顾老师010-61595939（二）资格审查按照研究方向及条件，我院对收到的自荐表等材料进行分类筛选和资格审查。资格审查合格者方可参加面试。（三）面试面试人员须提供本人身份证、学历学位证及相关学术成果。面试时间、地点另行通知。（四）确定拟接收人选综合面试情况，经研究后，确定拟接收人选。（五）考察我单位将组织人员赴拟接收人选所在学校或单位进行考察，通过查阅本人档案、同有关人员谈话等方式，进一步了解拟接收人选的综合素质和业务能力。（六）进站考察结束后，经研究，对满足研究方向要求的人选，签订联合培养协议，办理进站手续。中国自然资源经济研究院2025年12月1日,政府网站,plan_texts,0,1472
关于符合甲级规划资质条件的规划编制单位名单第四十一批的公示_1766919481.txt,关于符合甲级规划资质条件的规划编制单位名单（第四十一批）的公示,关于符合甲级规划资质条件的规划编制单位名单（第四十一批）的公示按照《中华人民共和国城乡规划法》《中华人民共和国行政许可法》及有关规划编制单位资质管理规定，我部对申请甲级规划编制资质单位的材料进行了审核，现将经审核符合甲级规划资质条件的规划编制单位名单（第四十一批）在部门户网站（http://www.mnr.gov.cn/）予以公示，公示期为10个工作日，从2025年11月25日至2025年12月8日。单位或个人如对公示结果有异议，请于公示期内向我部国土空间规划局书面反映情况并发送至电子邮箱，单位反映情况需加盖公章，个人反映情况需提供有效身份证明，并留下联系方式、地址和邮政编码。对公示意见有疑问的，可在公示期内向我部国土空间规划局电话咨询。本批审查未通过的单位，如收到补正通知，请通过“自然资源部政务服务门户”登录“全国国土空间规划行业管理信息系统”查看具体原因，并在公示期内通过系统一次性提交补正材料；如收到不予许可通知，可在完善条件后重新申报；其他申报单位，我部正在分批组织审核，有关情况请关注我部门户网站公示。已经取得甲级规划资质的规划编制单位，涉及资质证书信息变更的，可按程序在行业管理信息系统“资质证书信息变更”模块申请变更。城乡规划编制单位甲级资质认定与人力资源社会保障部社保数据已联网，已集成纳入资质申报系统实现自动核验。经审核通过并公示无异议的规划编制单位，将按程序由我部正式印发公告。联系电话：010-66558146电子邮箱：ghzz@mail.mnr.gov.cn自然资源部国土空间规划局2025年11月25日,政府网站,plan_texts,0,669
关于符合甲级规划资质条件的规划编制单位名单第四十三批的公示_1766919481.txt,关于符合甲级规划资质条件的规划编制单位名单（第四十三批）的公示,关于符合甲级规划资质条件的规划编制单位名单（第四十三批）的公示按照《中华人民共和国城乡规划法》《中华人民共和国行政许可法》及有关规划编制单位资质管理规定，我部对申请甲级规划编制资质单位的材料进行了审核，现将经审核符合甲级规划资质条件的规划编制单位名单（第四十三批）在部门户网站（http://www.mnr.gov.cn/）予以公示，公示期为10个工作日，从2025年12月23日至2026年1月7日。单位或个人如对公示结果有异议，请于公示期内向我部国土空间规划局书面反映情况并发送至电子邮箱，单位反映情况需加盖公章，个人反映情况需提供有效身份证明，并留下联系方式、地址和邮政编码。对公示意见有疑问的，可在公示期内向我部国土空间规划局电话咨询。本批审查未通过的单位，如收到补正通知，请通过“自然资源部政务服务门户”登录“全国国土空间规划行业管理信息系统”查看具体原因，并在公示期内通过系统一次性提交补正材料；如收到不予许可通知，可在完善条件后重新申报；其他申报单位，我部正在分批组织审核，有关情况请关注我部门户网站公示。已经取得甲级规划资质的规划编制单位，涉及资质证书信息变更的，可按程序在行业管理信息系统“资质证书信息变更”模块申请变更。城乡规划编制单位甲级资质认定与人力资源社会保障部社保数据已联网，已集成纳入资质申报系统实现自动核验。经审核通过并公示无异议的规划编制单位，将按程序由我部正式印发公告。联系电话：010-66558146电子邮箱：ghzz@mail.mnr.gov.cn自然资源部国土空间规划局2025年12月22日,政府网站,plan_texts,0,668
关于符合甲级规划资质条件的规划编制单位名单第四十批的公示_1766919481.txt,关于符合甲级规划资质条件的规划编制单位名单（第四十批）的公示,关于符合甲级规划资质条件的规划编制单位名单（第四十批）的公示按照《中华人民共和国城乡规划法》《中华人民共和国行政许可法》及有关规划编制单位资质管理规定，我部对申请甲级规划编制资质单位的材料进行了审核，现将经审核符合甲级规划资质条件的规划编制单位名单（第四十批）在部门户网站（http://www.mnr.gov.cn/）予以公示，公示期为10个工作日，从2025年11月19日至2025年12月2日。单位或个人如对公示结果有异议，请于公示期内向我部国土空间规划局书面反映情况并发送至电子邮箱，单位反映情况需加盖公章，个人反映情况需提供有效身份证明，并留下联系方式、地址和邮政编码。对公示意见有疑问的，可在公示期内向我部国土空间规划局电话咨询。本批审查未通过的单位，如收到补正通知，请通过“自然资源部政务服务门户”登录“全国国土空间规划行业管理信息系统”查看具体原因，并在公示期内通过系统一次性提交补正材料；如收到不予许可通知，可在完善条件后重新申报；其他申报单位，我部正在分批组织审核，有关情况请关注我部门户网站公示。已经取得甲级规划资质的规划编制单位，涉及资质证书信息变更的，可按程序在行业管理信息系统“资质证书信息变更”模块申请变更。城乡规划编制单位甲级资质认定与人力资源社会保障部社保数据已联网，已集成纳入资质申报系统实现自动核验。经审核通过并公示无异议的规划编制单位，将按程序由我部正式印发公告。联系电话：010-66558146电子邮箱：ghzz@mail.mnr.gov.cn自然资源部国土空间规划局2025年11月19日,政府网站,plan_texts,0,667
国务院关于东莞市国土空间总体规划20212035年的批复_1766919481.txt,国务院关于《东莞市国土空间总体规划（2021—2035年）》的批复,标题文号机构正文全部高级检索名称国务院关于《东莞市国土空间总体规划（2021—2035年）》的批复文号发布机构业务类型废止(失效)记录国函〔2025〕15号国务院土地管理成文时间效力级别来一一源时效状态2025年01月18日国务院文件中国政府网现行有效名称国务院关于《东莞市国土空间总体规划（2021—2035年）》的批复文号发布机构效力级别国函〔2025〕15号国务院国务院文件成文时间业务类型来一一源2025年01月18日土地管理中国政府网广东省人民政府、自然资源部：你们关于报请批准《东莞市国土空间总体规划（2021—2035年）》的请示收悉。现批复如下：一、原则同意自然资源部审查通过的《东莞市国土空间总体规划（2021—2035年）》（以下简称《规划》）。《规划》是东莞市各类开发保护建设活动的基本依据，请认真组织实施。东莞是粤港澳大湾区重要的节点城市。《规划》实施要坚持以习近平新时代中国特色社会主义思想为指导，全面贯彻党的二十大和二十届二中、三中全会精神，完整准确全面贯彻新发展理念，坚持以人民为中心，统筹发展和安全，促进人与自然和谐共生，发挥全国先进制造业基地、国际科技创新中心承载地等功能，奋力谱写中国式现代化东莞篇章。二、筑牢安全发展的空间基础。到2035年，东莞市耕地保有量不低于10.11万亩，其中永久基本农田保护面积不低于10.00万亩；生态保护红线面积不低于361.08平方千米，其中海洋生态保护红线面积不低于26.74平方千米；城镇开发边界面积控制在1433.37平方千米以内；单位国内生产总值建设用地使用面积下降不少于40%；大陆自然岸线保有率不低于上级下达任务，其中2025年不低于4%；用水总量不超过上级下达指标，其中2025年不超过21.34亿立方米；除国家重大项目外，全面禁止围填海；严格无居民海岛管理。明确自然灾害风险重点防控区域，划定洪涝、地震等风险控制线以及绿地系统线、水体保护线、历史文化保护线和基础设施建设控制线，落实战略性矿产资源等安全保障空间。三、构建支撑新发展格局的国土空间体系。增强城市综合实力，积极共建粤港澳大湾区，联动深圳、惠州共建深圳都市圈，主动融入广州都市圈，促进形成主体功能明显、优势互补、高质量发展的国土空间开发保护新格局。四、系统优化国土空间开发保护格局。加快构建区域协调、城乡融合的城镇体系，提升中心城区和片区中心服务能级，深化松山湖、滨海湾等片区与深圳融合发展，推动水乡新城与广州东部地区协同联动。筑牢南部山地生态屏障，协同推进珠江流域生态保护修复，整体提升东江、狮子洋等河口湿地生态系统的质量和稳定性，系统保护和集约利用海域、海岛、海岸线资源。保障现代都市农业空间需求，优化农业空间布局。完善城市功能结构和空间布局，协调产业布局、综合交通、设施配置和土地使用，优先保障电子信息等先进制造业和科技创新产业发展的空间需求，为推动存量产业用地提质增效、优化布局提供土地政策保障。加强粤港澳大湾区港口群协调联动，完善多向联通、多式联运的对外对内通道，建设安全便捷、绿色低碳的城市综合交通体系。统筹水利、能源、环境、通信、国防等基础设施空间，积极稳步推进“平急两用”公共基础设施建设，优化防灾减灾救灾设施区域布局，提高国土空间安全韧性。统筹安排城乡公共服务设施布局，完善城乡生活圈，促进职住平衡；系统布局蓝绿开放空间，营造更加宜业宜居宜乐宜游的人民城市。严格开发强度管控，提高土地节约集约利用水平，统筹地上地下空间利用，大力实施城市更新，有序实施土地综合整治。彰显城乡自然与文化特色，健全文化遗产与自然遗产空间保护机制，加强大岭山抗日根据地旧址等红色文化遗产和林则徐销烟池与虎门炮台旧址等近代历史文化遗存保护。加强对城市建筑高度、体量、色彩等空间要素的管控引导，保护好历史城区和历史文化街区，构建文化资源、自然资源、景观资源整体保护的空间体系。五、维护规划严肃性权威性。《规划》是对东莞市国土空间作出的全局安排，是全市国土空间保护、开发、利用、修复的政策和总纲，必须严格执行，任何部门和个人不得随意修改、违规变更。按照定期体检和五年一评估的要求，健全各级各类国土空间规划实施监测评估预警机制，将规划评估结果作为规划实施监督考核的重要依据。建立健全规划监督、执法、问责联动机制，实施规划全生命周期管理。六、做好规划实施保障。广东省人民政府、自然资源部要指导督促东莞市人民政府加强组织领导，明确责任分工，健全工作机制，完善配套政策措施，做好《规划》印发和公开。东莞市人民政府要依据经批准的总体规划编制专项规划和详细规划，依据详细规划核发规划许可，加强城市设计方法运用，建立国土空间相关专项规划统筹管理制度，强化对各专项规划的指导约束；按照“统一底图、统一标准、统一规划、统一平台”的要求，完善国土空间规划“一张图”系统和国土空间基础信息,政府网站,plan_texts,0,2226
国务院关于乌鲁木齐市国土空间总体规划20212035年的批复_1766919481.txt,国务院关于《乌鲁木齐市国土空间总体规划（2021—2035年）》的批复,标题文号机构正文全部高级检索名称国务院关于《乌鲁木齐市国土空间总体规划（2021—2035年）》的批复文号发布机构业务类型废止(失效)记录国函〔2025〕11号国务院土地管理成文时间效力级别来一一源时效状态2025年01月15日国务院文件中国政府网现行有效名称国务院关于《乌鲁木齐市国土空间总体规划（2021—2035年）》的批复文号发布机构效力级别国函〔2025〕11号国务院国务院文件成文时间业务类型来一一源2025年01月15日土地管理中国政府网新疆维吾尔自治区人民政府、自然资源部：你们关于报请批准《乌鲁木齐市国土空间总体规划（2021—2035年）》的请示收悉。现批复如下：一、原则同意自然资源部审查通过的《乌鲁木齐市国土空间总体规划（2021—2035年）》（以下简称《规划》）。《规划》是乌鲁木齐市各类开发保护建设活动的基本依据，请认真组织实施。乌鲁木齐是新疆维吾尔自治区首府，西部地区重要的中心城市，国际性综合交通枢纽城市。《规划》实施要坚持以习近平新时代中国特色社会主义思想为指导，全面贯彻党的二十大和二十届二中、三中全会精神，完整准确全面贯彻新发展理念，坚持以人民为中心，统筹发展和安全，促进人与自然和谐共生，发挥面向中亚西亚交往中心、国际商贸物流中心等功能，奋力谱写中国式现代化乌鲁木齐篇章。二、筑牢安全发展的空间基础。到2035年，乌鲁木齐市耕地保有量不低于87.23万亩，其中永久基本农田保护面积不低于63.94万亩；生态保护红线面积不低于3281.33平方千米；城镇开发边界面积控制在758.79平方千米以内；单位国内生产总值建设用地使用面积下降不少于40%；用水总量不超过上级下达指标，其中2025年不超过12.67亿立方米。明确自然灾害风险重点防控区域，划定洪涝、地震等风险控制线以及绿地系统线、水体保护线、历史文化保护线和基础设施建设控制线，落实战略性矿产资源等安全保障空间。三、构建支撑新发展格局的国土空间体系。深度融入共建“一带一路”，引领丝绸之路经济带核心区建设，提高面向毗邻国家的次区域合作支撑能力，促进天山北坡城市群一体化发展，加强乌鲁木齐都市圈国土空间开发保护利用的区域协同，立足资源禀赋、区位优势和产业基础，积极培育发展新增长极，促进形成主体功能明显、优势互补、高质量发展的国土空间开发保护新格局。四、系统优化国土空间开发保护格局。加快构建区域协调、城乡融合的城镇体系，提升中心城区服务能级，深化乌昌城市功能和空间布局一体化，深化兵地融合发展。筑牢天山生态屏障，强化北部荒漠绿洲交错带防风固沙生态功能，保护修复乌鲁木齐河、水磨河、头屯河、白杨河等河流生态系统。严格保护优质牧草地，加强退化耕地和盐碱地综合治理，保障现代都市农业空间需求。完善城市功能结构和空间布局，协调产业布局、综合交通、设施配置和土地使用，优先保障先进制造业、商贸物流和冰雪经济发展的空间需求。强化面向中亚西亚的国际航空、铁路枢纽功能，完善多向联通、多式联运的对外对内通道，做好重大基础设施的空间预留，建设安全便捷、绿色低碳的城市综合交通体系。保障清洁能源产业发展空间需求，统筹水利、能源、环境、通信、国防等基础设施空间，积极稳步推进“平急两用”公共基础设施建设，优化防灾减灾救灾设施区域布局，提高国土空间安全韧性。统筹安排城乡公共服务设施布局，完善各民族互嵌的城乡生活圈，促进职住平衡；加强城市周边荒山绿化和治理，完善多层次公园绿地体系，营造更加宜业宜居宜乐宜游的人民城市。严格开发强度管控，提高土地节约集约利用水平，统筹地上地下空间利用，大力实施城市更新，有序实施土地综合整治。彰显城乡自然与文化特色，健全文化遗产与自然遗产空间保护机制，整体保护水磨沟、乌鲁木齐南山等风景名胜区。加强对城市建筑高度、体量、色彩等空间要素的管控引导，推进城市空间品质提升和景观协调，保护好乌拉泊古城等各级文物保护单位，构建文化资源、自然资源、景观资源整体保护的空间体系。五、维护规划严肃性权威性。《规划》是对乌鲁木齐市国土空间作出的全局安排，是全市国土空间保护、开发、利用、修复的政策和总纲，必须严格执行，任何部门和个人不得随意修改、违规变更。按照定期体检和五年一评估的要求，健全各级各类国土空间规划实施监测评估预警机制，将规划评估结果作为规划实施监督考核的重要依据。建立健全规划监督、执法、问责联动机制，实施规划全生命周期管理。六、做好规划实施保障。新疆维吾尔自治区人民政府、自然资源部要指导督促乌鲁木齐市人民政府加强组织领导，明确责任分工，健全工作机制，完善配套政策措施，做好《规划》印发和公开。乌鲁木齐市人民政府要依据经批准的总体规划编制专项规划和详细规划，依据详细规划核发规划许可，加强城市设计方法运用，建立国土空间相关专项规划统筹管理制度，强化对各专项规划的指导约束；按照“统一底图、统一,政府网站,plan_texts,0,2267
国务院关于云南省国土空间规划20212035年的批复_1766919481.txt,国务院关于《云南省国土空间规划（2021—2035年）》的批复,标题文号机构正文全部高级检索名称国务院关于《云南省国土空间规划（2021—2035年）》的批复文号发布机构业务类型废止记录国函〔2024〕10号国务院土地管理成文时间效力级别来一一源时效状态2024年01月19日国务院文件中国政府网现行有效名称国务院关于《云南省国土空间规划（2021—2035年）》的批复文号发布机构效力级别国函〔2024〕10号国务院国务院文件成文时间业务类型来一一源2024年01月19日土地管理中国政府网云南省人民政府、自然资源部：你们关于报请批准《云南省国土空间规划（2021—2035年）》的请示收悉。现批复如下：一、原则同意自然资源部审查通过的《云南省国土空间规划（2021—2035年）》（以下简称《规划》）。《规划》是云南省空间发展的指南、可持续发展的空间蓝图，是各类开发保护建设活动的基本依据，请认真组织实施。云南省是我国面向南亚东南亚和环印度洋地区开放的重要通道和前沿，承担着维护区域生态安全的重大责任。《规划》实施要坚持以习近平新时代中国特色社会主义思想为指导，全面贯彻落实党的二十大精神，完整、准确、全面贯彻新发展理念，坚持以人民为中心，统筹发展和安全，促进人与自然和谐共生，努力将云南建设成为我国民族团结进步示范区、生态文明建设排头兵，奋力谱写中国式现代化建设云南篇章。二、筑牢安全发展的空间基础。到2035年，云南省耕地保有量不低于7857.00万亩，其中永久基本农田保护面积不低于5709.00万亩；生态保护红线面积不低于11.32万平方千米；城镇开发边界扩展倍数控制在基于2020年城镇建设用地规模的1.3倍以内；单位国内生产总值建设用地使用面积下降不少于40%；用水总量不超过国家下达指标，其中2025年不超过177.0亿立方米。明确自然灾害风险重点防控区域，划定洪涝、地震等风险控制线，落实战略性矿产资源、历史文化保护等安全保障空间，全面锚固高质量发展的空间底线。三、构建支撑新发展格局的国土空间体系。深入实施区域协调发展战略、区域重大战略、主体功能区战略、新型城镇化战略和乡村振兴战略，促进形成主体功能明显、优势互补、高质量发展的国土空间开发保护新格局。加强滇中城市群与成渝地区双城经济圈、北部湾城市群、黔中城市群等功能协调，促进云南省与其他沿长江省份的协调联动，协同推进西部大开发和长江经济带高质量发展，对接粤港澳大湾区建设和长三角一体化发展，打造西南地区对外开放的新高地，加快建设我国面向南亚东南亚辐射中心。四、系统优化国土空间开发保护格局。发挥区域比较优势，优化主体功能定位，细化主体功能区划分，完善差别化支持政策。严格保护坝区耕地，夯实粮食安全基础，拓展高原特色农业发展空间，建设特色现代农业基地，提升农业综合生产能力。筑牢西南地区生态安全屏障，加强青藏高原东南缘、哀牢山—无量山、滇南边境等重要生态空间保护，加强流域源头、上中下游、干支流、岸线、周边陆域等一体化系统保护修复。加强高黎贡山等地区生物多样性保护，对重要物种重要栖息地、亚洲象等重要物种迁徙通道、候鸟迁飞和水生生物洄游通道等进行特殊保护。严格河湖水域空间管控，对高原湖泊实施保护治理，提升水源涵养功能，优化水资源配置，提升水资源战略储备能力。发挥滇中城市群核心带动作用，完善昆明都市圈核心功能，推进昆明面向南亚东南亚的区域性中心城市建设，加快曲靖省域副中心城市建设，促进滇中城市群和滇东北、滇西地区协调发展，培育发展沿边城镇带，整合建设河口、磨憨、瑞丽等若干沿边产业园区，完善沿边城镇和口岸布局，提升产业人口集聚能力，优先保障科技创新、生产服务、先进制造等功能用地需求，推动城乡基础设施和公共服务一体化，完善城乡生活圈，提升城乡人居环境品质，分类优化乡村空间布局，支撑乡村振兴。统筹传统和新型基础设施空间布局，构建现代化基础设施网络。优化防灾减灾救灾设施区域布局，提高国土空间安全韧性。推进大型水电站和风光电基地等绿色电力开发。健全文化遗产与自然遗产空间保护机制，强化文化遗产与自然遗产整体保护和系统活化利用，加强三江并流、丽江古城、红河哈尼梯田等世界遗产以及红色文化遗产保护，构建文化资源、自然资源、景观资源整体保护的空间体系。五、维护规划严肃性权威性。《规划》是对云南省国土空间作出的全局安排，是省域国土空间保护、开发、利用、修复的政策和总纲，必须严格执行，任何部门和个人不得随意修改、违规变更。按照定期体检和五年一评估的要求，健全各级各类国土空间规划实施监测评估预警机制，将规划评估结果作为规划实施监督考核的重要依据。建立健全规划监督、执法、问责联动机制，实施规划全生命周期管理。六、做好规划实施保障。云南省人民政府要加强组织领导，明确责任分工，健全工作机制，完善配套政策措施。做好《规划》印发和公开，强化社会监督。组织完成地方各级国土空间总体规划、详细规划、相关专,政府网站,plan_texts,0,2442
国务院关于京津冀国土空间规划20212035年的批复_1766919481.txt,国务院关于《京津冀国土空间规划（2021—2035年）》的批复,标题文号机构正文全部高级检索名称国务院关于《京津冀国土空间规划（2021—2035年）》的批复文号发布机构业务类型废止(失效)记录国函〔2025〕19号国务院土地管理成文时间效力级别来一一源时效状态2025年01月26日国务院文件中国政府网现行有效名称国务院关于《京津冀国土空间规划（2021—2035年）》的批复文号发布机构效力级别国函〔2025〕19号国务院国务院文件成文时间业务类型来一一源2025年01月26日土地管理中国政府网自然资源部：你部关于报请批准《京津冀国土空间规划（2021—2035年）》的请示收悉。现批复如下：一、原则同意自然资源部组织起草的《京津冀国土空间规划（2021—2035年）》（以下简称《规划》）。《规划》是国家级国土空间专项规划，是京津冀地区空间发展的指南、可持续发展的空间蓝图，是各类开发保护建设活动的基本依据，请认真组织实施。《规划》实施要坚持以习近平新时代中国特色社会主义思想为指导，全面贯彻落实党的二十大和二十届二中、三中全会精神，完整准确全面贯彻新发展理念，坚持以人民为中心，统筹发展和安全，促进人与自然和谐共生，落实京津冀协同发展战略部署，支撑京津冀建成世界一流城市群，更好发挥高质量发展动力源作用，成为中国式现代化建设的先行区、示范区。二、筑牢安全发展的空间基础。到2035年，京津冀地区耕地保有量不低于9433.99万亩，其中永久基本农田保护面积不低于8224.44万亩；生态保护红线面积不低于4.23万平方千米，其中海洋生态保护红线面积不低于0.14万平方千米；城镇开发边界扩展倍数控制在基于2020年城镇建设用地规模的1.3倍以内；单位国内生产总值建设用地使用面积下降不少于40%；大陆自然岸线保有率不低于国家下达任务；用水总量不超过国家下达指标。明确自然灾害风险重点防控区域，划定地质灾害、洪涝、森林防火等风险控制线，落实战略性矿产资源、历史文化保护等安全保障空间，全面锚固高质量发展的空间底线。三、构建支撑新发展格局的国土空间体系。深入实施区域协调发展战略、区域重大战略、主体功能区战略、新型城镇化战略和乡村振兴战略，促进形成主体功能明显、优势互补、高质量发展的国土空间开发保护新格局。按照主体功能定位，构建有利于有序疏解北京非首都功能的空间格局，深化京津冀地区协同发展，增强区域整体竞争力和综合承载力，深度融入共建“一带一路”，加强与黄河流域、长江经济带、粤港澳大湾区、长三角地区等区域重大战略地区的协同联动。四、系统优化国土空间开发保护格局。牢牢牵住疏解北京非首都功能这个“牛鼻子”，支撑首都功能区域优化布局。北京市立足“四个中心”建设，加强控增量和疏存量相结合，推进城市功能重组优化，提升北京城市副中心对首都功能的服务保障能力。天津市加强滨海新区与北京城市副中心、河北雄安新区的协同联动，加强北方国际航运核心区建设，提升对外开放门户功能。河北雄安新区着力提升北京非首都功能疏解集中承载地功能。河北省发挥环京地区优势，以及生态、矿产、港口、海洋等特色资源优势，强化支撑区域产业链创新链构建、农产品供应保障、能源保供、生态环境优化、文旅康养服务等功能，以石家庄市辐射带动冀南地区加强与北京、天津、河北雄安新区的协同联动。京津冀三省市加强对重点交界地区的空间统筹和联合管控。巩固黄淮海平原农产品主产区，夯实华北粮仓空间基础。在北京市、天津市、河北环京地区重点推动现代都市农业发展，发挥农产品就近保障功能，支持发展高效节水农业、生猪和奶牛养殖、海洋牧场等，提升区域粮食生产和重要农产品供给能力。县域统筹推动城乡融合，促进城乡要素双向流动，加强城乡基础设施和公共服务设施一体化布局，支持乡村振兴。筑牢华北生态屏障，保障京津冀地区生态安全。推进北方防沙带建设，提升燕山—太行山等地区水源涵养功能，改善重要河湖湿地水生态，加大渤海湾综合整治力度，协同推进山水林田湖草沙一体化保护和系统治理。强化现代化基础设施对京津冀高质量发展的支撑保障。建设都市圈多层次轨道交通网络，打造世界级机场群、港口群，完善区域一体化公路交通网络和物流网络布局，完善水利基础设施配置，构建多水源供水网络。增强区域应对气候变化的安全韧性，统筹协调区域和城市防洪排涝功能，提高海河流域河道行洪能力，强化蓄滞洪区规划管控，加强城市内外河湖水系衔接，构建海岸带综合防护体系，平急结合优化防灾减灾救灾资源的区域布局。整体保护区域文化遗产和自然遗产，打造高品质休闲游憩空间，创造优良人居环境，展现京畿特色文化底蕴。五、维护规划严肃性权威性。《规划》是对京津冀地区国土空间作出的全局安排，是区域国土空间保护、开发、利用、修复的政策和总纲，是有关地方各级编制实施国土空间规划的重要依据，必须严格执行。要自觉接受国土空间规划的指导约束，不得随意修改、违规变更，对不符合国土空间规划的用地用海,政府网站,plan_texts,0,2656
国务院关于佛山市国土空间总体规划20212035年的批复_1766919481.txt,国务院关于《佛山市国土空间总体规划（2021—2035年）》的批复,标题文号机构正文全部高级检索名称国务院关于《佛山市国土空间总体规划（2021—2035年）》的批复文号发布机构业务类型废止(失效)记录国函〔2025〕14号国务院土地管理成文时间效力级别来一一源时效状态2025年01月18日国务院文件中国政府网现行有效名称国务院关于《佛山市国土空间总体规划（2021—2035年）》的批复文号发布机构效力级别国函〔2025〕14号国务院国务院文件成文时间业务类型来一一源2025年01月18日土地管理中国政府网广东省人民政府、自然资源部：你们关于报请批准《佛山市国土空间总体规划（2021—2035年）》的请示收悉。现批复如下：一、原则同意自然资源部审查通过的《佛山市国土空间总体规划（2021—2035年）》（以下简称《规划》）。《规划》是佛山市各类开发保护建设活动的基本依据，请认真组织实施。佛山是粤港澳大湾区重要的节点城市，国家历史文化名城。《规划》实施要坚持以习近平新时代中国特色社会主义思想为指导，全面贯彻党的二十大和二十届二中、三中全会精神，完整准确全面贯彻新发展理念，坚持以人民为中心，统筹发展和安全，促进人与自然和谐共生，发挥全国先进制造业基地、国际科技创新中心承载地等功能，奋力谱写中国式现代化佛山篇章。二、筑牢安全发展的空间基础。到2035年，佛山市耕地保有量不低于27.86万亩，其中永久基本农田保护面积不低于24.66万亩；生态保护红线面积不低于323.06平方千米；城镇开发边界面积控制在1590.44平方千米以内；单位国内生产总值建设用地使用面积下降不少于40%；用水总量不超过上级下达指标，其中2025年不超过23.44亿立方米。明确自然灾害风险重点防控区域，划定洪涝、地震等风险控制线以及绿地系统线、水体保护线、历史文化保护线和基础设施建设控制线，落实战略性矿产资源等安全保障空间。三、构建支撑新发展格局的国土空间体系。增强城市综合实力，积极共建粤港澳大湾区，纵深推进广佛同城化，促进形成主体功能明显、优势互补、高质量发展的国土空间开发保护新格局。四、系统优化国土空间开发保护格局。加快构建区域协调、城乡融合的城镇体系，提高中心城区服务能级，加强南海区、顺德区与中心城区功能联动，推进高明区、三水区城镇集约紧凑布局。筑牢皂幕山、大南山等生态屏障，加强西江、北江流域生态保护修复，整体提升河流湖泊湿地生态系统的质量和稳定性，发挥好城镇组团间绿楔的生态功能。保障现代都市农业空间需求，拓展生态渔业、现代花卉等特色优势农产品生产空间，保护桑基鱼塘等传统农业空间。完善城市功能结构和空间布局，协调产业布局、综合交通、设施配置和土地使用，优先保障先进制造业和科技创新产业发展的空间需求，为推动粤港澳高端服务合作和珠江西岸先进装备制造产业带建设提供空间保障。强化与广州等周边城市在航空、铁路、公路等方面的功能协同，加强粤港澳大湾区港口群协调联动，完善多向联通、多式联运的对外对内通道，建设安全便捷、绿色低碳的城市综合交通体系。统筹水利、能源、环境、通信、国防等基础设施空间，积极稳步推进“平急两用”公共基础设施建设，优化防灾减灾救灾设施区域布局，提高国土空间安全韧性。统筹安排城乡公共服务设施布局，完善城乡生活圈，促进职住平衡；系统布局蓝绿开放空间，营造更加宜业宜居宜乐宜游的人民城市。严格开发强度管控，提高土地节约集约利用水平，统筹地上地下空间利用，大力实施城市更新，有序实施土地综合整治。彰显城乡自然与文化特色，健全文化遗产与自然遗产空间保护机制，加强自然保护地整体保护，加强佛山祖庙等文物和岭南文化保护。加强对汾江河沿岸建筑高度、体量、色彩等空间要素的管控引导，保护好历史城区和历史文化街区，构建文化资源、自然资源、景观资源整体保护的空间体系。五、维护规划严肃性权威性。《规划》是对佛山市国土空间作出的全局安排，是全市国土空间保护、开发、利用、修复的政策和总纲，必须严格执行，任何部门和个人不得随意修改、违规变更。按照定期体检和五年一评估的要求，健全各级各类国土空间规划实施监测评估预警机制，将规划评估结果作为规划实施监督考核的重要依据。建立健全规划监督、执法、问责联动机制，实施规划全生命周期管理。六、做好规划实施保障。广东省人民政府、自然资源部要指导督促佛山市人民政府加强组织领导，明确责任分工，健全工作机制，完善配套政策措施，做好《规划》印发和公开。佛山市人民政府要依据经批准的总体规划编制专项规划和详细规划，依据详细规划核发规划许可，加强城市设计方法运用，建立国土空间相关专项规划统筹管理制度，强化对各专项规划的指导约束；按照“统一底图、统一标准、统一规划、统一平台”的要求，完善国土空间规划“一张图”系统和国土空间基础信息平台，建设国土空间规划实施监测网络；建立健全城市国土空间规划委员会制度。自然资源部要会同有关方面根据职责分工,政府网站,plan_texts,0,2172
国务院关于兰州市国土空间总体规划20212035年的批复_1766919481.txt,国务院关于《兰州市国土空间总体规划（2021—2035年）》的批复,标题文号机构正文全部高级检索名称国务院关于《兰州市国土空间总体规划（2021—2035年）》的批复文号发布机构业务类型废止(失效)记录国函〔2024〕177号国务院土地管理成文时间效力级别来一一源时效状态2024年11月29日国务院文件中国政府网现行有效名称国务院关于《兰州市国土空间总体规划（2021—2035年）》的批复文号发布机构效力级别国函〔2024〕177号国务院国务院文件成文时间业务类型来一一源2024年11月29日土地管理中国政府网甘肃省人民政府、自然资源部：你们关于报请批准《兰州市国土空间总体规划（2021—2035年）》的请示收悉。现批复如下：一、原则同意自然资源部审查通过的《兰州市国土空间总体规划（2021—2035年）》（以下简称《规划》）。《规划》是兰州市各类开发保护建设活动的基本依据，请认真组织实施。兰州是甘肃省省会，西部地区重要的中心城市，全国性综合交通枢纽城市。《规划》实施要坚持以习近平新时代中国特色社会主义思想为指导，全面贯彻党的二十大和二十届二中、三中全会精神，完整准确全面贯彻新发展理念，坚持以人民为中心，统筹发展和安全，促进人与自然和谐共生，发挥西北先进制造业基地、区域性科技创新高地等功能，奋力谱写中国式现代化兰州篇章。二、筑牢安全发展的空间基础。到2035年，兰州市耕地保有量不低于381.37万亩，其中永久基本农田保护面积不低于297.33万亩；生态保护红线面积不低于1226.85平方千米；城镇开发边界面积控制在732.66平方千米以内；单位国内生产总值建设用地使用面积下降不少于40%；用水总量不超过上级下达指标，其中2025年不超过15.45亿立方米。明确自然灾害风险重点防控区域，划定洪涝、地震等风险控制线以及绿地系统线、水体保护线、历史文化保护线和基础设施建设控制线，落实战略性矿产资源等安全保障空间。三、构建支撑新发展格局的国土空间体系。推动黄河流域生态保护和高质量发展，强化向西开放战略通道地位，深度融入共建“一带一路”，带动西北地区高质量发展，高水平共建西部陆海新通道，深化与西宁和河西走廊城市协同联动，促进形成主体功能明显、优势互补、高质量发展的国土空间开发保护新格局。四、系统优化国土空间开发保护格局。加快构建区域协调、城乡融合的城镇体系，提升中心城区服务能级，稳步推进兰州新区开发建设，加强与中心城区功能协同。严格保护黄河及其支流的河道空间，保持黄河水体健康，筑牢兴隆山、石佛沟、连城等南北生态屏障，加强科学绿化，推进水土流失综合治理。保障现代都市农业空间需求，优化丘陵山地特色农业空间布局。完善城市功能结构和空间布局，协调产业布局、综合交通、设施配置和土地使用，优先保障先进制造业、科技创新以及文化旅游产业发展的空间需求，为推动传统产业转型升级提供土地政策保障。提升国家铁路枢纽功能，强化航空枢纽建设，完善多向联通、多式联运的对外对内通道，建设安全便捷、绿色低碳的城市综合交通体系。统筹水利、能源、环境、通信、国防等基础设施空间，积极稳步推进“平急两用”公共基础设施建设，优化防灾减灾救灾设施区域布局，加强湿陷性黄土地区的地灾监测和防治，提高国土空间安全韧性。统筹安排城乡公共服务设施布局，引导城市紧凑布局，完善城乡生活圈，促进职住平衡；系统布局蓝绿开放空间，营造更加宜业宜居宜乐宜游的人民城市。严格开发强度管控，提高土地节约集约利用水平，统筹地上地下空间利用，有序实施城市有机更新和土地综合整治。彰显城乡自然与文化特色，健全文化遗产与自然遗产空间保护机制，加强黄河文化和红色文化遗产保护。加强对城市建筑高度、体量、色彩等空间要素的管控引导，保护好历史城区和历史文化街区，构建文化资源、自然资源、景观资源整体保护的空间体系。五、维护规划严肃性权威性。《规划》是对兰州市国土空间作出的全局安排，是全市国土空间保护、开发、利用、修复的政策和总纲，必须严格执行，任何部门和个人不得随意修改、违规变更。按照定期体检和五年一评估的要求，健全各级各类国土空间规划实施监测评估预警机制，将规划评估结果作为规划实施监督考核的重要依据。建立健全规划监督、执法、问责联动机制，实施规划全生命周期管理。六、做好规划实施保障。甘肃省人民政府、自然资源部要指导督促兰州市人民政府加强组织领导，明确责任分工，健全工作机制，完善配套政策措施，做好《规划》印发和公开。兰州市人民政府要依据经批准的总体规划编制专项规划和详细规划，依据详细规划核发规划许可，加强城市设计方法运用，建立国土空间相关专项规划统筹管理制度，强化对各专项规划的指导约束；按照“统一底图、统一标准、统一规划、统一平台”的要求，完善国土空间规划“一张图”系统和国土空间基础信息平台，建设国土空间规划实施监测网络；建立健全城市国土空间规划委员会制度。自然资源部要会同有关方面根据职责分工，,政府网站,plan_texts,0,2172
国务院关于内蒙古自治区国土空间规划20212035年的批复_1766919481.txt,国务院关于《内蒙古自治区国土空间规划（2021—2035年）》的批复,标题文号机构正文全部高级检索名称国务院关于《内蒙古自治区国土空间规划（2021—2035年）》的批复文号发布机构业务类型废止记录国函〔2023〕148号国务院土地管理成文时间效力级别来一一源时效状态2023年12月18日国务院文件中国政府网现行有效名称国务院关于《内蒙古自治区国土空间规划（2021—2035年）》的批复文号发布机构效力级别国函〔2023〕148号国务院国务院文件成文时间业务类型来一一源2023年12月18日土地管理中国政府网内蒙古自治区人民政府、自然资源部：你们关于报请批准《内蒙古自治区国土空间规划（2021—2035年）》的请示收悉。现批复如下：一、原则同意自然资源部审查通过的《内蒙古自治区国土空间规划（2021—2035年）》（以下简称《规划》）。《规划》是内蒙古自治区空间发展的指南、可持续发展的空间蓝图，是各类开发保护建设活动的基本依据，请认真组织实施。内蒙古自治区地处祖国北部边疆，横跨东北、华北、西北，是我国北方重要生态安全屏障、祖国北疆安全稳定屏障、国家重要能源和战略资源基地、国家重要农畜产品生产基地、我国向北开放重要桥头堡。《规划》实施要坚持以习近平新时代中国特色社会主义思想为指导，全面贯彻落实党的二十大精神，完整、准确、全面贯彻新发展理念，坚持以人民为中心，统筹发展和安全，促进人与自然和谐共生，铸牢中华民族共同体意识，加快建设国家生态文明试验区，奋力谱写中国式现代化建设内蒙古篇章。二、筑牢安全发展的空间基础。到2035年，内蒙古自治区耕地保有量不低于17050.00万亩，其中永久基本农田保护面积不低于13382.82万亩；生态保护红线面积不低于59.69万平方千米；城镇开发边界扩展倍数控制在基于2020年城镇建设用地规模的1.3倍以内；单位国内生产总值建设用地使用面积下降不少于40%；用水总量不超过国家下达指标，其中2025年不超过196.3亿立方米。明确自然灾害风险重点防控区域，划定洪涝等风险控制线，落实战略性矿产资源、历史文化保护等安全保障空间，全面锚固高质量发展的空间底线。三、构建支撑新发展格局的国土空间体系。深入实施区域协调发展战略、区域重大战略、主体功能区战略、新型城镇化战略、乡村振兴战略，促进形成主体功能明显、优势互补、高质量发展的国土空间开发保护新格局。深度融入共建“一带一路”和中蒙俄经济走廊建设，推动我国向北开放重要桥头堡建设提质升级，加快建设以满洲里口岸、二连浩特口岸为节点的向北开放东、中通道，强化口岸和腹地联动发展，打造联通内外的全域开放平台，推动黄河流域生态保护和高质量发展、西部大开发、东北振兴，对接京津冀协同发展，坚持以生态优先、绿色发展为导向，积极融入和服务构建新发展格局。四、系统优化国土空间开发保护格局。发挥区域比较优势，优化主体功能定位，细化主体功能区划分，完善差别化支持政策。发挥农牧资源优势，强化黑土地保护，支持符合条件的地方开展盐碱地综合利用，持续提升农牧区产能，打造国家重要农畜产品生产基地。加强大兴安岭、阴山山脉、贺兰山山脉等生态建设，强化基本草原保护，实施荒漠化综合治理，协同推进重要生态系统保护修复、京津风沙源治理、“三北”防护林体系建设等重大工程，构筑祖国北疆万里绿色长城。强化呼和浩特的区域辐射带动作用，推进呼包鄂城市一体化协同发展，加快满洲里、二连浩特、甘其毛都、策克等重要边境口岸城镇建设，打造我国向北开放重要桥头堡。聚焦优势领域布局国家级创新平台，为培育发展先进制造业集群提供空间保障，优化农牧区村庄布局，补齐基础设施和公共服务短板，完善城乡生活圈，提升城乡人居环境品质。完善城市和区域灾害风险防控设施布局，加强干旱风沙、雪灾等防治，增强极端天气适应能力。加快规划建设大型风光电基地，加强传统能源与新能源综合开发利用，巩固国家重要能源和战略资源基地。强化文化遗产与自然遗产整体保护和系统活化利用，健全文化遗产与自然遗产空间保护机制，构建文化资源、自然资源、景观资源整体保护的空间体系，把生态效益更好转化为经济效益、社会效益，打造祖国北疆亮丽风景线。五、维护规划严肃性权威性。《规划》是对内蒙古自治区国土空间作出的全局安排，是全区国土空间保护、开发、利用、修复的政策和总纲，必须严格执行，任何部门和个人不得随意修改、违规变更。按照定期体检和五年一评估的要求，健全各级各类国土空间规划实施监测评估预警机制，将规划评估结果作为规划实施监督考核的重要依据。建立健全规划监督、执法、问责联动机制，实施规划全生命周期管理。六、做好规划实施保障。内蒙古自治区人民政府要加强组织领导，明确责任分工，健全工作机制，完善配套政策措施。做好《规划》印发和公开，强化社会监督。组织完成地方各级国土空间总体规划、详细规划、相关专项规划编制工作，加快形成统一的国土空间规划体系，统筹国土空间开发保护。强化,政府网站,plan_texts,0,2410
国务院关于南宁市国土空间总体规划20212035年的批复_1766919481.txt,国务院关于《南宁市国土空间总体规划（2021—2035年）》的批复,标题文号机构正文全部高级检索名称国务院关于《南宁市国土空间总体规划（2021—2035年）》的批复文号发布机构业务类型废止(失效)记录国函〔2024〕170号国务院土地管理成文时间效力级别来一一源时效状态2024年11月09日国务院文件国土空间规划局现行有效名称国务院关于《南宁市国土空间总体规划（2021—2035年）》的批复文号发布机构效力级别国函〔2024〕170号国务院国务院文件成文时间业务类型来一一源2024年11月09日土地管理国土空间规划局广西壮族自治区人民政府、自然资源部：你们关于报请批准《南宁市国土空间总体规划（2021—2035年）》的请示收悉。现批复如下：一、原则同意自然资源部审查通过的《南宁市国土空间总体规划（2021—2035年）》（以下简称《规划》）。《规划》是南宁市各类开发保护建设活动的基本依据，请认真组织实施。南宁是广西壮族自治区首府，华南地区重要的中心城市，全国性综合交通枢纽城市。《规划》实施要坚持以习近平新时代中国特色社会主义思想为指导，全面贯彻党的二十大和二十届二中、三中全会精神，完整准确全面贯彻新发展理念，坚持以人民为中心，统筹发展和安全，促进人与自然和谐共生，发挥面向东盟开放门户等功能，奋力谱写中国式现代化建设南宁篇章。二、筑牢安全发展的空间基础。到2035年，南宁市耕地保有量不低于707.05万亩，其中永久基本农田保护面积不低于602.25万亩；生态保护红线面积不低于3020.52平方千米；城镇开发边界面积控制在905.57平方千米以内；单位国内生产总值建设用地使用面积下降不少于40%；用水总量不超过上级下达指标，其中2025年不超过39.7亿立方米。明确自然灾害风险重点防控区域，划定洪涝、地震等风险控制线以及绿地系统线、水体保护线、历史文化保护线和基础设施建设控制线，落实战略性矿产资源等安全保障空间。三、构建支撑新发展格局的国土空间体系。深度融入共建“一带一路”，高质量建设中国—东盟跨境产业融合发展合作区，高水平共建西部陆海新通道，引领北部湾城市群高质量发展，加强南宁都市圈国土空间开发保护利用的区域协同，促进形成主体功能明显、优势互补、高质量发展的国土空间开发保护新格局。四、系统优化国土空间开发保护格局。加快构建区域协调、城乡融合的城镇体系，提升中心城区服务能级，稳步推进东部新城发展，强化临空经济示范区跨境开放平台功能，提升对市域城镇的辐射带动能力。筑牢北部生态屏障，加强邕江及内河水系保护，保护恢复南部湿地生态功能。保护富硒土地资源，拓展特色优势农产品生产空间，保障现代都市农业空间需求。完善城市功能结构和空间布局，协调产业布局、综合交通、设施配置和土地使用，优先保障先进制造业、科技创新产业发展空间需求。高标准、高质量建设平陆运河，强化与北海、钦州、防城港功能联动，完善多向联通、多式联运的对外对内通道，建设安全便捷、绿色低碳的城市综合交通体系。统筹水利、能源、环境、通信、国防等基础设施空间，积极稳步推进“平急两用”公共基础设施建设，优化防灾减灾救灾设施区域布局，提高国土空间安全韧性。统筹安排城乡公共服务设施布局，引导城市紧凑布局，完善城乡生活圈，促进职住平衡；系统布局蓝绿开放空间，营造更加宜业宜居宜乐宜游的人民城市。严格开发强度管控，提高土地节约集约利用水平，统筹地上地下空间利用，有序实施城市有机更新和土地综合整治。彰显城乡自然与文化特色，健全文化遗产与自然遗产空间保护机制，整体保护大明山等自然保护区和青秀山等风景名胜区，突出地域文化特色。加强对城区特别是邕江沿岸建筑高度、体量、色彩等空间要素的管控引导，保护好历史城区和历史文化街区。构建文化资源、自然资源、景观资源整体保护的空间体系，塑造壮乡首府、中国绿城的城市特色风貌。五、维护规划严肃性权威性。《规划》是对南宁市国土空间作出的全局安排，是全市国土空间保护、开发、利用、修复的政策和总纲，必须严格执行，任何部门和个人不得随意修改、违规变更。按照定期体检和五年一评估的要求，健全各级各类国土空间规划实施监测评估预警机制，将规划评估结果作为规划实施监督考核的重要依据。建立健全规划监督、执法、问责联动机制，实施规划全生命周期管理。六、做好规划实施保障。广西壮族自治区人民政府、自然资源部要指导督促南宁市人民政府加强组织领导，明确责任分工，健全工作机制，完善配套政策措施，做好《规划》印发和公开。南宁市人民政府要依据经批准的总体规划编制专项规划和详细规划，依据详细规划核发规划许可，加强城市设计方法运用，建立国土空间相关专项规划统筹管理制度，强化对各专项规划的指导约束；按照“统一底图、统一标准、统一规划、统一平台”的要求，完善国土空间规划“一张图”系统和国土空间基础信息平台，建设国土空间规划实施监测网络；建立健全城市国土空间规划委员会制度。自然资源部要,政府网站,plan_texts,0,2184
国务院关于南昌市国土空间总体规划20212035年的批复_1766919481.txt,国务院关于《南昌市国土空间总体规划（2021—2035年）》的批复,标题文号机构正文全部高级检索名称国务院关于《南昌市国土空间总体规划（2021—2035年）》的批复文号发布机构业务类型废止(失效)记录国函〔2024〕178号国务院土地管理成文时间效力级别来一一源时效状态2024年11月29日国务院文件中国政府网现行有效名称国务院关于《南昌市国土空间总体规划（2021—2035年）》的批复文号发布机构效力级别国函〔2024〕178号国务院国务院文件成文时间业务类型来一一源2024年11月29日土地管理中国政府网江西省人民政府、自然资源部：你们关于报请批准《南昌市国土空间总体规划（2021—2035年）》的请示收悉。现批复如下：一、原则同意自然资源部审查通过的《南昌市国土空间总体规划（2021—2035年）》（以下简称《规划》）。《规划》是南昌市各类开发保护建设活动的基本依据，请认真组织实施。南昌是江西省省会，长江中游地区重要的中心城市，国家历史文化名城，全国性综合交通枢纽城市。《规划》实施要坚持以习近平新时代中国特色社会主义思想为指导，全面贯彻党的二十大和二十届二中、三中全会精神，完整准确全面贯彻新发展理念，坚持以人民为中心，统筹发展和安全，促进人与自然和谐共生，发挥区域先进制造业基地等功能，奋力谱写中国式现代化南昌篇章。二、筑牢安全发展的空间基础。到2035年，南昌市耕地保有量不低于364.43万亩，其中永久基本农田保护面积不低于322.01万亩；生态保护红线面积不低于1067.85平方千米；城镇开发边界面积控制在998.63平方千米以内；单位国内生产总值建设用地使用面积下降不少于40%；用水总量不超过上级下达指标，其中2025年不超过32.36亿立方米。明确自然灾害风险重点防控区域，划定洪涝、地震等风险控制线以及绿地系统线、水体保护线、历史文化保护线和基础设施建设控制线，落实战略性矿产资源等安全保障空间。三、构建支撑新发展格局的国土空间体系。主动融入共建“一带一路”，深入参与长江经济带高质量发展，对接长三角一体化发展和粤港澳大湾区建设，共同建设长江中游城市群，加强南昌都市圈国土空间开发保护利用的区域协同，促进形成主体功能明显、优势互补、高质量发展的国土空间开发保护新格局。四、系统优化国土空间开发保护格局。加快构建区域协调、城乡融合的城镇体系，提升中心城区服务能级，推动江西赣江新区（南昌部分）与中心城区城市功能互补，强化市域城镇间的协调联动。加强赣江、抚河、潦河等河湖水域空间的保护修复，系统保护鄱阳湖生物多样性，严格候鸟和水生生物主要迁徙洄游通道、重要栖息地等空间管控，筑牢梅岭、峤岭、大公岭等生态屏障。保障现代都市农业空间需求，优化鄱阳湖平原、赣抚平原特色优势农产品生产空间。完善城市功能结构和空间布局，协调产业布局、综合交通、设施配置和土地使用，优先保障先进制造业发展空间需求。强化铁路枢纽功能，完善多向联通、多式联运的对外对内通道，建设安全便捷、绿色低碳的城市综合交通体系。统筹水利、能源、环境、通信、国防等基础设施空间，积极稳步推进“平急两用”公共基础设施建设，加强洪涝灾害防治，优化防灾减灾救灾设施区域布局，提高国土空间安全韧性。统筹安排城乡公共服务设施布局，引导城市紧凑布局，完善城乡生活圈，促进职住平衡；系统布局蓝绿开放空间，营造更加宜业宜居宜乐宜游的人民城市。严格开发强度管控，提高土地节约集约利用水平，统筹地上地下空间利用，有序实施城市有机更新和土地综合整治。彰显城乡自然与文化特色，健全文化遗产与自然遗产空间保护机制，加强红色文化遗产保护，加强对城市建筑高度、体量、色彩等空间要素的管控引导，保护好历史城区和历史文化街区。构建文化资源、自然资源、景观资源整体保护的空间体系，塑造河湖环绕的滨水城市特色风貌。五、维护规划严肃性权威性。《规划》是对南昌市国土空间作出的全局安排，是全市国土空间保护、开发、利用、修复的政策和总纲，必须严格执行，任何部门和个人不得随意修改、违规变更。按照定期体检和五年一评估的要求，健全各级各类国土空间规划实施监测评估预警机制，将规划评估结果作为规划实施监督考核的重要依据。建立健全规划监督、执法、问责联动机制，实施规划全生命周期管理。六、做好规划实施保障。江西省人民政府、自然资源部要指导督促南昌市人民政府加强组织领导，明确责任分工，健全工作机制，完善配套政策措施，做好《规划》印发和公开。南昌市人民政府要依据经批准的总体规划编制专项规划和详细规划，依据详细规划核发规划许可，加强城市设计方法运用，建立国土空间相关专项规划统筹管理制度，强化对各专项规划的指导约束；按照“统一底图、统一标准、统一规划、统一平台”的要求，完善国土空间规划“一张图”系统和国土空间基础信息平台，建设国土空间规划实施监测网络；建立健全城市国土空间规划委员会制度。自然资源部要会同有关方面根据职责分工，密切,政府网站,plan_texts,0,2170
国务院关于合肥市国土空间总体规划20212035年的批复_1766919481.txt,国务院关于《合肥市国土空间总体规划（2021—2035年）》的批复,标题文号机构正文全部高级检索名称国务院关于《合肥市国土空间总体规划（2021—2035年）》的批复文号发布机构业务类型废止(失效)记录国函〔2024〕186号国务院土地管理成文时间效力级别来一一源时效状态2024年12月09日国务院文件中国政府网现行有效名称国务院关于《合肥市国土空间总体规划（2021—2035年）》的批复文号发布机构效力级别国函〔2024〕186号国务院国务院文件成文时间业务类型来一一源2024年12月09日土地管理中国政府网安徽省人民政府、自然资源部：你们关于报请批准《合肥市国土空间总体规划（2021—2035年）》的请示收悉。现批复如下：一、原则同意自然资源部审查通过的《合肥市国土空间总体规划（2021—2035年）》（以下简称《规划》）。《规划》是合肥市各类开发保护建设活动的基本依据，请认真组织实施。合肥是安徽省省会，长三角地区重要的中心城市，全国性综合交通枢纽城市。《规划》实施要坚持以习近平新时代中国特色社会主义思想为指导，全面贯彻党的二十大和二十届二中、三中全会精神，完整准确全面贯彻新发展理念，坚持以人民为中心，统筹发展和安全，促进人与自然和谐共生，发挥中部先进制造业基地、区域性科技创新高地、国际航空货运集散中心等功能，奋力谱写中国式现代化合肥篇章。二、筑牢安全发展的空间基础。到2035年，合肥市耕地保有量不低于705.17万亩，其中永久基本农田保护面积不低于618.52万亩；生态保护红线面积不低于1228.40平方千米；城镇开发边界面积控制在1289.30平方千米以内；单位国内生产总值建设用地使用面积下降不少于40%；用水总量不超过上级下达指标，其中2025年不超过34.47亿立方米。明确自然灾害风险重点防控区域，划定洪涝、地震等风险控制线以及绿地系统线、水体保护线、历史文化保护线和基础设施建设控制线，落实战略性矿产资源等安全保障空间。三、构建支撑新发展格局的国土空间体系。主动服务共建“一带一路”，积极参与长江经济带发展，深度融入长三角一体化发展，加强合肥都市圈国土空间开发保护利用的区域协同，促进形成主体功能明显、优势互补、高质量发展的国土空间开发保护新格局。四、系统优化国土空间开发保护格局。加快构建区域协调、城乡融合的城镇体系，提升中心城区服务能级，完善组团式城市布局，保护好组团间的绿楔和生态廊道，推动市域城镇协同发展。统筹长江、淮河流域生态保护修复，加强引江济淮生态廊道保护利用，整体提升巢湖湿地生态系统的质量和稳定性。保障现代都市农业空间需求，拓展特色优势农产品生产空间，强化现代种业发展的空间保障。完善城市功能结构和空间布局，协调产业布局、综合交通、设施配置和土地使用，优先保障先进制造业和大科学装置等科技创新发展的空间需求。建设国际航空货运枢纽和国家铁路枢纽，提升物流基础设施服务水平，完善多向联通、多式联运的对外对内通道，建设安全便捷、绿色低碳的城市综合交通体系。统筹水利、能源、环境、通信、国防等基础设施空间，积极稳步推进“平急两用”公共基础设施建设，优化防灾减灾救灾设施区域布局，提高国土空间安全韧性。统筹安排城乡公共服务设施布局，引导城市紧凑布局，完善城乡生活圈，促进职住平衡；系统布局蓝绿开放空间，营造更加宜业宜居宜乐宜游的人民城市。严格开发强度管控，提高土地节约集约利用水平，统筹地上地下空间利用，有序实施城市更新和土地综合整治。彰显城乡自然与文化特色，健全文化遗产与自然遗产空间保护机制，整体保护紫蓬山、南淝河等自然山水格局，保护合肥环城公园和包公祠、教弩台旧址等文物保护单位。加强对城市建筑高度、体量、色彩等空间要素的管控引导，构建文化资源、自然资源、景观资源整体保护的空间体系。五、维护规划严肃性权威性。《规划》是对合肥市国土空间作出的全局安排，是全市国土空间保护、开发、利用、修复的政策和总纲，必须严格执行，任何部门和个人不得随意修改、违规变更。按照定期体检和五年一评估的要求，健全各级各类国土空间规划实施监测评估预警机制，将规划评估结果作为规划实施监督考核的重要依据。建立健全规划监督、执法、问责联动机制，实施规划全生命周期管理。六、做好规划实施保障。安徽省人民政府、自然资源部要指导督促合肥市人民政府加强组织领导，明确责任分工，健全工作机制，完善配套政策措施，做好《规划》印发和公开。合肥市人民政府要依据经批准的总体规划编制专项规划和详细规划，依据详细规划核发规划许可，加强城市设计方法运用，建立国土空间相关专项规划统筹管理制度，强化对各专项规划的指导约束；按照“统一底图、统一标准、统一规划、统一平台”的要求，完善国土空间规划“一张图”系统和国土空间基础信息平台，建设国土空间规划实施监测网络；建立健全城市国土空间规划委员会制度。自然资源部要会同有关方面根据职责分工，密切协调配合，加强指导、监督和评,政府网站,plan_texts,0,2155
国务院关于呼和浩特市国土空间总体规划20212035年的批复_1766919481.txt,国务院关于《呼和浩特市国土空间总体规划（2021—2035年）》的批复,标题文号机构正文全部高级检索名称国务院关于《呼和浩特市国土空间总体规划（2021—2035年）》的批复文号发布机构业务类型废止(失效)记录国函〔2024〕180号国务院土地管理成文时间效力级别来一一源时效状态2024年11月29日国务院文件中国政府网现行有效名称国务院关于《呼和浩特市国土空间总体规划（2021—2035年）》的批复文号发布机构效力级别国函〔2024〕180号国务院国务院文件成文时间业务类型来一一源2024年11月29日土地管理中国政府网内蒙古自治区人民政府、自然资源部：你们关于报请批准《呼和浩特市国土空间总体规划（2021—2035年）》的请示收悉。现批复如下：一、原则同意自然资源部审查通过的《呼和浩特市国土空间总体规划（2021—2035年）》（以下简称《规划》）。《规划》是呼和浩特市各类开发保护建设活动的基本依据，请认真组织实施。呼和浩特是内蒙古自治区首府，华北地区重要的中心城市，国家历史文化名城，全国性综合交通枢纽城市。《规划》实施要坚持以习近平新时代中国特色社会主义思想为指导，全面贯彻党的二十大和二十届二中、三中全会精神，完整准确全面贯彻新发展理念，坚持以人民为中心，统筹发展和安全，促进人与自然和谐共生，发挥区域性先进制造业基地等功能，奋力谱写中国式现代化呼和浩特篇章。二、筑牢安全发展的空间基础。到2035年，呼和浩特市耕地保有量不低于820.75万亩，其中永久基本农田保护面积不低于693.40万亩；生态保护红线面积不低于3100.46平方千米；城镇开发边界面积控制在600.24平方千米以内；单位国内生产总值建设用地使用面积下降不少于40%；用水总量不超过上级下达指标，其中2025年不超过10.76亿立方米。明确自然灾害风险重点防控区域，划定洪涝、地震等风险控制线以及绿地系统线、水体保护线、历史文化保护线和基础设施建设控制线，落实战略性矿产资源等安全保障空间。三、构建支撑新发展格局的国土空间体系。提高面向毗邻国家的次区域合作支撑能力，深度融入京津冀协同发展，加强呼包鄂榆城市群分工协作，协同推进黄河“几字弯”地区生态保护和高质量发展，促进形成主体功能明显、优势互补、高质量发展的国土空间开发保护新格局。四、系统优化国土空间开发保护格局。加快构建区域协调、城乡融合的城镇体系，提升中心城区服务能级，推动与和林格尔副中心功能协同和集约紧凑布局。强化北部大青山等防风固沙生态功能，协同推进“三北”防护林体系建设，提升南部丘陵水土保持和水源涵养能力，整体推进黄河沿岸生态系统保护，恢复和修复哈素海、浑河、南湖等湿地，严格控制地下水超采。优化农牧业生产空间布局，有序开展盐碱地综合利用。完善城市功能结构和空间布局，协调产业布局、综合交通、设施配置和土地使用，优先保障先进制造业、农牧业科技创新、农畜产品生产加工发展的空间需求。强化区域航空、铁路枢纽功能，完善多向联通、多式联运的对外对内通道，做好重大基础设施的空间预留，建设安全便捷、绿色低碳的城市综合交通体系。统筹水利、能源、环境、通信、国防等基础设施空间，积极稳步推进“平急两用”公共基础设施建设，加强风沙等灾害防治，优化防灾减灾救灾设施区域布局，提高国土空间安全韧性。统筹安排城乡公共服务设施布局，引导城市紧凑布局，完善城乡生活圈，促进职住平衡；系统布局蓝绿开放空间，营造更加宜业宜居宜乐宜游的人民城市。严格开发强度管控，提高土地节约集约利用水平，统筹地上地下空间利用，有序实施城市有机更新和土地综合整治。彰显城乡自然与文化特色，健全文化遗产与自然遗产空间保护机制，加强云中郡故城、和林格尔土城子遗址、绥远城墙和将军衙署等文化遗产保护。加强对城市建筑高度、体量、色彩等空间要素的管控引导，保护好历史城区和历史文化街区，构建文化资源、自然资源、景观资源整体保护的空间体系。五、维护规划严肃性权威性。《规划》是对呼和浩特市国土空间作出的全局安排，是全市国土空间保护、开发、利用、修复的政策和总纲，必须严格执行，任何部门和个人不得随意修改、违规变更。按照定期体检和五年一评估的要求，健全各级各类国土空间规划实施监测评估预警机制，将规划评估结果作为规划实施监督考核的重要依据。建立健全规划监督、执法、问责联动机制，实施规划全生命周期管理。六、做好规划实施保障。内蒙古自治区人民政府、自然资源部要指导督促呼和浩特市人民政府加强组织领导，明确责任分工，健全工作机制，完善配套政策措施，做好《规划》印发和公开。呼和浩特市人民政府要依据经批准的总体规划编制专项规划和详细规划，依据详细规划核发规划许可，加强城市设计方法运用，建立国土空间相关专项规划统筹管理制度，强化对各专项规划的指导约束；按照“统一底图、统一标准、统一规划、统一平台”的要求，完善国土空间规划“一张图”系统和国土空间基础信息平台，建设国土空间规划实施,政府网站,plan_texts,0,2214
国务院关于四川省国土空间规划20212035年的批复_1766919481.txt,国务院关于《四川省国土空间规划（2021—2035年）》的批复,标题文号机构正文全部高级检索名称国务院关于《四川省国土空间规划（2021—2035年）》的批复文号发布机构业务类型废止记录国函〔2024〕9号国务院土地管理成文时间效力级别来一一源时效状态2024年01月18日国务院文件中国政府网现行有效名称国务院关于《四川省国土空间规划（2021—2035年）》的批复文号发布机构效力级别国函〔2024〕9号国务院国务院文件成文时间业务类型来一一源2024年01月18日土地管理中国政府网四川省人民政府、自然资源部：你们关于报请批准《四川省国土空间规划（2021—2035年）》的请示收悉。现批复如下：一、原则同意自然资源部审查通过的《四川省国土空间规划（2021—2035年）》（以下简称《规划》）。《规划》是四川省空间发展的指南、可持续发展的空间蓝图，是各类开发保护建设活动的基本依据，请认真组织实施。四川省地处长江上游、西南内陆，是我国发展的战略腹地，是支撑新时代西部大开发、长江经济带发展等国家战略实施的重要地区。《规划》实施要坚持以习近平新时代中国特色社会主义思想为指导，全面贯彻落实党的二十大精神，完整、准确、全面贯彻新发展理念，坚持以人民为中心，统筹发展和安全，促进人与自然和谐共生，推动新时代治蜀兴川再上新台阶，奋力谱写中国式现代化建设四川篇章。二、筑牢安全发展的空间基础。到2035年，四川省耕地保有量不低于7542.57万亩，其中永久基本农田保护面积不低于6306.88万亩；生态保护红线面积不低于14.85万平方千米；城镇开发边界扩展倍数控制在基于2020年城镇建设用地规模的1.3倍以内；单位国内生产总值建设用地使用面积下降不少于40%；用水总量不超过国家下达指标，其中2025年不超过270.0亿立方米。明确自然灾害风险重点防控区域，划定洪涝、地震等风险控制线，落实战略性矿产资源、历史文化保护等安全保障空间，全面锚固高质量发展的空间底线。三、构建支撑新发展格局的国土空间体系。深入实施区域协调发展战略、区域重大战略、主体功能区战略、新型城镇化战略和乡村振兴战略，促进形成主体功能明显、优势互补、高质量发展的国土空间开发保护新格局。坚持“川渝一盘棋”，加强成渝地区双城经济圈建设，成为带动西部高质量发展的重要增长极和新的动力源，强化与长三角、珠三角、长江中游等城市群的协同发展，积极融入“一带一路”建设，构筑向西开放战略高地和参与国际竞争新基地。四、系统优化国土空间开发保护格局。发挥区域比较优势，优化主体功能定位，细化主体功能区划分，完善差别化支持政策。落实长江流域农产品主产区建设要求，在成都平原、安宁河流域、四川盆地东部及低山丘陵加强耕地保护，更好扛起粮食、生猪、油料等重要农产品稳产保供责任，打造新时代更高水平的“天府粮仓”。落实生态安全屏障建设要求，提升长江、黄河上游的水源涵养能力，加大岷山—横断山脉、羌塘—三江源、秦巴山区、大小凉山、川滇森林、若尔盖草原等生态功能区保护力度，加强森林、草原和河湖湿地等保护修复，保护大熊猫等珍稀野生动物迁徙廊道和候鸟迁飞通道。严格河湖水域岸线空间管控，科学统筹长江干流及主要支流、重要湖泊的岸线资源，持续开展河湖湿地综合治理。增强成都都市圈辐射引领作用，加快成都—德阳—眉山—资阳同城化布局，推动成都平原、川南、川东北、川西北以及攀西地区协同发展，分级配置公共服务设施，分区分类优化村庄布局，完善城乡生活圈，提升城乡人居环境品质，巩固拓展脱贫攻坚成果。积极保障国家产业链供应链安全，高质量对接东部沿海地区产业新布局，优化完善创新资源布局，加快发展特色优势产业和战略性新兴产业，打造西部地区创新高地。强化战略性矿产资源保护利用，科学统筹水能等清洁能源开发，提高能源矿产资源安全保障水平。加强洪涝、干旱、地震等自然灾害防治，优化防灾减灾救灾设施区域布局，提高国土空间安全韧性。健全文化遗产与自然遗产空间保护机制，强化文化遗产与自然遗产整体保护和系统活化利用，加强峨眉山、青城山、都江堰、九寨沟、三星堆、大熊猫国家公园、古蜀道等自然和文化资源系统保护，加强红色文化遗产保护，构建文化资源、自然资源、景观资源整体保护的空间体系。五、维护规划严肃性权威性。《规划》是对四川省国土空间作出的全局安排，是省域国土空间保护、开发、利用、修复的政策和总纲，必须严格执行，任何部门和个人不得随意修改、违规变更。按照定期体检和五年一评估的要求，健全各级各类国土空间规划实施监测评估预警机制，将规划评估结果作为规划实施监督考核的重要依据。建立健全规划监督、执法、问责联动机制，实施规划全生命周期管理。六、做好规划实施保障。四川省人民政府要加强组织领导，明确责任分工，健全工作机制，完善配套政策措施。做好《规划》印发和公开，强化社会监督。组织完成地方各级国土空间总体规划、详细规划、相关专项规划编制工作，加快形成统一,政府网站,plan_texts,0,2428
国务院关于宁波市国土空间总体规划20212035年的批复_1766919481.txt,国务院关于《宁波市国土空间总体规划（2021—2035年）》的批复,标题文号机构正文全部高级检索名称国务院关于《宁波市国土空间总体规划（2021—2035年）》的批复文号发布机构业务类型废止(失效)记录国函〔2024〕171号国务院土地管理成文时间效力级别来一一源时效状态2024年11月10日国务院文件国土空间规划局现行有效名称国务院关于《宁波市国土空间总体规划（2021—2035年）》的批复文号发布机构效力级别国函〔2024〕171号国务院国务院文件成文时间业务类型来一一源2024年11月10日土地管理国土空间规划局浙江省人民政府、自然资源部：你们关于报请批准《宁波市国土空间总体规划（2021—2035年）》的请示收悉。现批复如下：一、原则同意自然资源部审查通过的《宁波市国土空间总体规划（2021—2035年）》（以下简称《规划》）。《规划》是宁波市各类开发保护建设活动的基本依据，请认真组织实施。宁波是长三角地区重要的中心城市，国家历史文化名城，现代海洋城市，全国性综合交通枢纽城市。《规划》实施要坚持以习近平新时代中国特色社会主义思想为指导，全面贯彻党的二十大和二十届二中、三中全会精神，完整准确全面贯彻新发展理念，坚持以人民为中心，统筹发展和安全，促进人与自然和谐共生，发挥全国先进制造业基地、区域性科技创新高地、全国航运物流中心、“一带一路”港航合作重要节点城市等功能，奋力谱写中国式现代化建设宁波篇章。二、筑牢安全发展的空间基础。到2035年，宁波市耕地保有量不低于210.18万亩，其中永久基本农田保护面积不低于186.54万亩；生态保护红线面积不低于4428.50平方千米，其中海洋生态保护红线面积不低于2916.62平方千米；城镇开发边界面积控制在1681.25平方千米以内；单位国内生产总值建设用地使用面积下降不少于40%；大陆自然岸线保有率不低于上级下达任务，其中2025年不低于31%；用水总量不超过上级下达指标，其中2025年不超过26.4亿立方米；除国家重大项目外，全面禁止围填海；严格无居民海岛管理。明确自然灾害风险重点防控区域，划定洪涝、地震等风险控制线以及绿地系统线、水体保护线、历史文化保护线和基础设施建设控制线，落实战略性矿产资源等安全保障空间。三、构建支撑新发展格局的国土空间体系。推动长江经济带发展和共建“一带一路”的融合，深度融入长三角一体化发展，唱好杭甬“双城记”，加强宁波都市圈国土空间开发保护利用的区域协同，促进形成主体功能明显、优势互补、高质量发展的国土空间开发保护新格局。四、系统优化国土空间开发保护格局。加快构建区域协调、城乡融合的城镇体系，优化提升中心城区服务能级，促进中心城区与余姚、慈溪等周边城区和县城的协同发展。筑牢四明山脉、天台山脉生态屏障，整治全域河湖水网，推进杭州湾、甬江口、象山港、三门湾等河口海湾的综合治理和生态保护修复，系统保护和集约利用海域、海岛、海岸线资源。优化现代都市农业空间布局，保障现代海洋牧场建设的空间需求。完善城市功能结构和空间布局，协调产业布局、综合交通、设施配置和土地使用，优先保障科技创新、先进制造业、传统优势产业改造升级的空间需求，优化航运物流、国际贸易等现代服务业布局。提升宁波舟山港国际枢纽港功能，完善多向联通、多式联运的对外对内通道，建设安全便捷、绿色低碳的城市综合交通体系。统筹水利、能源、环境、通信、国防等基础设施空间，保障油气等战略资源储运基础设施建设的空间需求，积极稳步推进“平急两用”公共基础设施建设，加强海洋灾害防治，优化防灾减灾救灾设施区域布局，提高国土空间安全韧性。统筹安排城乡公共服务设施布局，引导城市紧凑布局，完善城乡生活圈，促进职住平衡；系统布局蓝绿开放空间，营造更加宜业宜居宜乐宜游的人民城市。严格开发强度管控，提高土地节约集约利用水平，统筹地上地下空间利用，有序实施城市有机更新，系统开展全域国土空间综合整治。彰显城乡自然与文化特色，健全文化遗产与自然遗产空间保护机制，加强对大运河（宁波段）世界文化遗产、宁波它山堰世界灌溉工程遗产的保护。加强对城市建筑高度、体量、色彩等空间要素的管控引导，保护好历史城区和历史文化街区，构建文化资源、自然资源、景观资源整体保护的空间体系。五、维护规划严肃性权威性。《规划》是对宁波市国土空间作出的全局安排，是全市国土空间保护、开发、利用、修复的政策和总纲，必须严格执行，任何部门和个人不得随意修改、违规变更。按照定期体检和五年一评估的要求，健全各级各类国土空间规划实施监测评估预警机制，将规划评估结果作为规划实施监督考核的重要依据。建立健全规划监督、执法、问责联动机制，实施规划全生命周期管理。六、做好规划实施保障。浙江省人民政府、自然资源部要指导督促宁波市人民政府加强组织领导，明确责任分工，健全工作机制，完善配套政策措施，做好《规划》印发和公开。宁波市人民政府要依据经批准的总体规划编制专,政府网站,plan_texts,0,2344
国务院关于广西壮族自治区国土空间规划20212035年的批复_1766919481.txt,国务院关于《广西壮族自治区国土空间规划（2021—2035年）》的批复,标题文号机构正文全部高级检索名称国务院关于《广西壮族自治区国土空间规划（2021—2035年）》的批复文号发布机构业务类型废止记录国函〔2023〕149号国务院土地管理成文时间效力级别来一一源时效状态2023年12月18日国务院文件中国政府网现行有效名称国务院关于《广西壮族自治区国土空间规划（2021—2035年）》的批复文号发布机构效力级别国函〔2023〕149号国务院国务院文件成文时间业务类型来一一源2023年12月18日土地管理中国政府网广西壮族自治区人民政府、自然资源部：你们关于报请批准《广西壮族自治区国土空间规划（2021—2035年）》的请示收悉。现批复如下：一、原则同意自然资源部审查通过的《广西壮族自治区国土空间规划（2021—2035年）》（以下简称《规划》）。《规划》是广西壮族自治区空间发展的指南、可持续发展的空间蓝图，是各类开发保护建设活动的基本依据，请认真组织实施。广西壮族自治区是我国面向东盟开放合作的前沿和窗口，是我国西南中南地区重要安全屏障。《规划》实施要坚持以习近平新时代中国特色社会主义思想为指导，全面贯彻落实党的二十大精神，完整、准确、全面贯彻新发展理念，坚持以人民为中心，统筹发展和安全，促进人与自然和谐共生，铸牢中华民族共同体意识，奋力谱写中国式现代化广西篇章。二、筑牢安全发展的空间基础。到2035年，广西壮族自治区耕地保有量不低于4872.00万亩，其中永久基本农田保护面积不低于4306.00万亩；生态保护红线面积不低于5.04万平方千米，其中海洋生态保护红线面积不低于0.17万平方千米；城镇开发边界扩展倍数控制在基于2020年城镇建设用地规模的1.3倍以内；单位国内生产总值建设用地使用面积下降不少于40%；大陆自然岸线保有率不低于国家下达任务，其中2025年不低于37.4%；用水总量不超过国家下达指标，其中2025年不超过301.0亿立方米；除国家重大项目外，全面禁止围填海；严格无居民海岛管理。明确自然灾害风险重点防控区域，划定洪涝、海洋灾害、地质灾害等风险控制线，落实战略性矿产资源、历史文化保护等安全保障空间，全面锚固高质量发展的空间底线。三、构建支撑新发展格局的国土空间体系。深入实施区域协调发展战略、区域重大战略、主体功能区战略、新型城镇化战略、乡村振兴战略和海洋强国战略，坚持陆海统筹、江海联动，促进形成主体功能明显、优势互补、高质量发展的国土空间开发保护新格局。对接融入粤港澳大湾区建设，服务西部陆海新通道建设，加快北部湾经济区向海发展，主动对接海南自由贸易港建设，筑牢我国西南中南安全屏障，构建面向东盟的国际大通道，打造西南中南地区开放发展新的战略支点，形成21世纪海上丝绸之路与丝绸之路经济带有机衔接的重要门户。四、系统优化国土空间开发保护格局。发挥区域比较优势，优化主体功能定位，细化主体功能区划分，完善差别化支持政策。严格保护南宁盆地等农业生产空间，稳固粮食及糖料蔗生产基地，建设富硒农业等特色农产品优势区。筑牢我国南方重要生态屏障，加强对重要江河源头及生物多样性富集区域的保护，提升水源涵养和水土保持功能。构建以西江水系为主体的千里绿色走廊，加强西江、柳江等流域和北部湾海岸带保护修复，恢复珊瑚礁、海草床等海洋生态系统。严格河湖水域岸线空间管控，优化水资源利用结构，减少地下水用量，提升水资源安全保障能力。加强南宁都市圈建设，积极培育北部湾城市群，提升辐射带动区域开放开发合作的能力，支持柳州创新发展先进制造业，提升桂林高品质旅游设施水平，推进沿边开放地区边境口岸建设，促进大中小城市和小城镇协调发展，健全现代化公共服务体系。完善城乡生活圈，分区分类优化乡村空间布局。优化海洋开发保护格局，推动环北部湾沿海城镇、岸线、港口和现代向海经济体系合理有序布局。提升自然灾害防治能力，合理布局应急保障设施，构建安全韧性的综合防灾减灾体系。统筹传统和新型基础设施空间布局，构建现代化基础设施网络。健全文化遗产与自然遗产空间保护机制，强化整体保护和系统活化利用，加强左江花山岩画、桂林山水、灵渠、合浦汉墓群、三江侗寨、龙胜梯田等自然历史文化遗产以及长征、左右江等红色文化遗产保护，构建文化资源、自然资源、景观资源整体保护的空间体系，彰显壮美广西的独特地貌、山水景观和民族文化特色。五、维护规划严肃性权威性。《规划》是对广西壮族自治区国土空间作出的全局安排，是全区国土空间保护、开发、利用、修复的政策和总纲，必须严格执行，任何部门和个人不得随意修改、违规变更。按照定期体检和五年一评估的要求，健全各级各类国土空间规划实施监测评估预警机制，将规划评估结果作为规划实施监督考核的重要依据。建立健全规划监督、执法、问责联动机制，实施规划全生命周期管理。六、做好规划实施保障。广西壮族自治区人民政府要加强组织领导，明确责任分工，健全工作,政府网站,plan_texts,0,2503
国务院关于成渝地区双城经济圈国土空间规划20212035年的批复_1766919481.txt,国务院关于《成渝地区双城经济圈国土空间规划（2021—2035年）》的批复,标题文号机构正文全部高级检索名称国务院关于《成渝地区双城经济圈国土空间规划（2021—2035年）》的批复文号发布机构业务类型废止(失效)记录国函〔2025〕106号国务院土地管理成文时间效力级别来一一源时效状态2025年11月01日国务院文件中国政府网现行有效名称国务院关于《成渝地区双城经济圈国土空间规划（2021—2035年）》的批复文号发布机构效力级别国函〔2025〕106号国务院国务院文件成文时间业务类型来一一源2025年11月01日土地管理中国政府网重庆市、四川省人民政府，自然资源部：你们关于报请批准《成渝地区双城经济圈国土空间规划（2021—2035年）》的请示收悉。现批复如下：一、原则同意自然资源部审查通过的《成渝地区双城经济圈国土空间规划（2021—2035年）》（以下简称《规划》）。《规划》是国家级国土空间专项规划，是成渝地区双城经济圈空间发展的指南、可持续发展的空间蓝图，是各类开发保护建设活动的基本依据，请认真组织实施。《规划》实施要坚持以习近平新时代中国特色社会主义思想为指导，全面贯彻落实党的二十大和二十届历次全会精神，完整准确全面贯彻新发展理念，坚持以人民为中心，统筹发展和安全，促进人与自然和谐共生，不断优化国土空间开发保护格局，支撑成渝地区双城经济圈建设成为具有全国影响力的重要经济中心、科技创新中心、改革开放新高地、高品质生活宜居地，更好发挥全国高质量发展的重要增长极和新的动力源作用。二、筑牢安全发展的空间基础。到2035年，成渝地区双城经济圈耕地保有量不低于7417.58万亩，其中永久基本农田保护面积不低于6327.78万亩；生态保护红线面积不低于1.58万平方千米；城镇开发边界扩展倍数控制在基于2020年城镇建设用地规模的1.32倍以内；用水总量不超过国家下达指标。明确自然灾害风险重点防控区域，划定地质灾害、洪涝、森林防火等风险控制线，落实战略性矿产资源、历史文化保护等安全保障空间，全面锚固高质量发展的空间底线。三、构建支撑新发展格局的国土空间体系。发挥区域协调发展战略、区域重大战略、主体功能区战略、新型城镇化战略叠加效应，优化重大生产力布局，发挥重点区域增长极作用，构建优势互补、高质量发展的国土空间体系。按照主体功能定位，深化成渝地区协同发展，增强区域整体竞争力和综合承载力，推动西部陆海新通道建设，深度融入共建“一带一路”，支撑新时代西部大开发，加强与京津冀、长江经济带、粤港澳大湾区、长三角地区等区域重大战略地区的协同联动。四、系统优化国土空间开发保护格局。统筹布局农业、生态、城镇等功能空间，更好发挥优势地区示范引领作用，推动成渝地区双城经济圈高质量一体化发展。打造新时代更高水平的“天府粮仓”，加强对四川盆地集中连片优质耕地的重点保护。共保“巴山蜀水”生态空间，加强对四川盆地周边岷山—邛崃山—凉山、米仓山—大巴山、武陵山、大娄山等重点生态区的全面保护，统筹跨区域生态系统治理与修复，筑牢长江上游生态屏障。加快推动现代化城市群和都市圈建设，优化城镇和产业创新空间布局，提升重庆、成都中心城市综合能级和国际竞争力，培育发展重庆、成都现代化都市圈，促进融合发展，形成特色鲜明、布局合理、集约高效的城市群发展格局。建设区域一体化的现代基础设施网络，强化成渝地区门户枢纽功能，合力建设世界级机场群和轨道上的双城经济圈，形成国际性综合交通枢纽集群。增强对地震、地质灾害等自然灾害的应对能力，强化应对气候变化和极端天气的防灾减灾救灾基础设施，统筹布局区域性防灾减灾设施，全面提升国土空间韧性。彰显巴蜀文化的丰富内涵和时代价值，构建文化资源、自然资源、景观资源整体保护的空间体系，凸显成渝地区多元独特的自然和文化景观魅力。五、维护规划严肃性权威性。《规划》是对成渝地区双城经济圈国土空间作出的全局安排，是区域国土空间保护、开发、利用、修复的政策和总纲，是有关地方各级编制实施国土空间规划的重要依据，必须严格执行。要自觉接受国土空间规划的指导约束，不得随意修改、违规变更，对不符合国土空间规划的用地、未批先建等违法违规行为要严肃查处。按照定期体检和五年一评估的要求，健全各级各类国土空间规划实施监测评估预警机制，将规划评估结果作为规划实施监督考核的重要依据。建立健全规划监督、执法、问责联动机制，实施规划全生命周期管理。六、做好规划实施保障。重庆市、四川省人民政府要加强组织领导，明确责任分工，健全工作机制，完善配套政策措施，将《规划》确定的目标指标、重点任务等纳入有关地方各级国土空间规划，加快形成统一的国土空间规划体系，统筹国土空间开发保护。强化对水利、交通、能源、农业、信息、市政等基础设施以及公共服务设施、军事设施、生态环境保护、文物保护、林业草原等专项规划的指导约束，在国土空间规划“一张图”上协调解决矛盾问题，合理优化空间布局。重庆,政府网站,plan_texts,0,2335
国务院关于拉萨市国土空间总体规划20212035年的批复_1766919481.txt,国务院关于《拉萨市国土空间总体规划（2021—2035年）》的批复,标题文号机构正文全部高级检索名称国务院关于《拉萨市国土空间总体规划（2021—2035年）》的批复文号发布机构业务类型废止(失效)记录国函〔2025〕10号国务院土地管理成文时间效力级别来一一源时效状态2025年01月15日国务院文件中国政府网现行有效名称国务院关于《拉萨市国土空间总体规划（2021—2035年）》的批复文号发布机构效力级别国函〔2025〕10号国务院国务院文件成文时间业务类型来一一源2025年01月15日土地管理中国政府网西藏自治区人民政府、自然资源部：你们关于报请批准《拉萨市国土空间总体规划（2021—2035年）》的请示收悉。现批复如下：一、原则同意自然资源部审查通过的《拉萨市国土空间总体规划（2021—2035年）》（以下简称《规划》）。《规划》是拉萨市各类开发保护建设活动的基本依据，请认真组织实施。拉萨是西藏自治区首府，国家历史文化名城，全国性综合交通枢纽城市。《规划》实施要坚持以习近平新时代中国特色社会主义思想为指导，全面贯彻党的二十大和二十届二中、三中全会精神，完整准确全面贯彻新发展理念，坚持以人民为中心，统筹发展和安全，促进人与自然和谐共生，发挥具有雪域高原特色的国际旅游目的地等功能，奋力谱写中国式现代化拉萨篇章。二、筑牢安全发展的空间基础。到2035年，拉萨市耕地保有量不低于76.61万亩，其中永久基本农田保护面积不低于54.92万亩；生态保护红线面积不低于9674.59平方千米；城镇开发边界面积控制在230.55平方千米以内；单位国内生产总值建设用地使用面积下降不少于40%；用水总量不超过上级下达指标，其中2025年不超过7.37亿立方米。明确自然灾害风险重点防控区域，划定洪涝、地震等风险控制线以及绿地系统线、水体保护线、历史文化保护线和基础设施建设控制线，落实战略性矿产资源等安全保障空间。三、构建支撑新发展格局的国土空间体系。深度融入共建“一带一路”，加强对接成渝地区双城经济圈，有力服务边境地区建设，促进形成主体功能明显、优势互补、高质量发展的国土空间开发保护新格局。四、系统优化国土空间开发保护格局。加快构建区域协调、城乡融合的城镇体系，提升中心城区服务能级，促进拉萨河南部地区功能集聚和紧凑布局，辐射带动县城、小城镇发展，支持就近城镇化。保护好青藏高原生态，筑牢念青唐古拉山和郭喀拉日居山高原山体生态屏障，加强全域生态保护修复，整体提升拉萨河、拉鲁湿地、纳木错等河流湖泊生态系统的质量和稳定性，管理好黑颈鹤等高原高寒生物的栖息地和迁飞通道。拓展高原特色农牧业生产空间，保障高原现代农业空间需求。完善城市功能结构和空间布局，协调产业布局、综合交通、设施配置和土地使用，优先保障文化旅游等服务业发展空间需求。支持航空、铁路、公路基础设施建设，完善多向联通、多式联运的对外对内通道，做好重大基础设施的空间预留，建设安全便捷、绿色低碳的城市综合交通体系。统筹水利、能源、环境、通信、国防等基础设施空间，加快建设国家清洁能源基地，积极稳步推进“平急两用”公共基础设施建设，优化防灾减灾救灾设施区域布局，适应减缓气候变化影响，提高国土空间安全韧性。统筹安排城乡公共服务设施布局，增强基本公共服务的均衡性和可及性，完善城乡生活圈，促进职住平衡，提高群众生活品质；系统布局蓝绿开放空间，营造更加宜业宜居宜乐宜游的人民城市。严格开发强度管控，提高土地节约集约利用水平，统筹地上地下空间利用，大力实施城市更新，有序实施土地综合整治。彰显城乡自然与文化特色，健全文化遗产与自然遗产空间保护机制，加强拉萨布达拉宫历史建筑群世界文化遗产和纳木错—念青唐古拉山风景名胜区保护，保护城市内部及周边的林地草地。加强对八廓街历史文化街区及拉萨布达拉宫历史建筑群周边地区建筑高度、体量、色彩和景观视廊等空间要素的管控引导，构建文化资源、自然资源、景观资源整体保护的空间体系，塑造具有雪域高原和浓郁地域特色的城市特色风貌。五、维护规划严肃性权威性。《规划》是对拉萨市国土空间作出的全局安排，是全市国土空间保护、开发、利用、修复的政策和总纲，必须严格执行，任何部门和个人不得随意修改、违规变更。按照定期体检和五年一评估的要求，健全各级各类国土空间规划实施监测评估预警机制，将规划评估结果作为规划实施监督考核的重要依据。建立健全规划监督、执法、问责联动机制，实施规划全生命周期管理。六、做好规划实施保障。西藏自治区人民政府、自然资源部要指导督促拉萨市人民政府加强组织领导，明确责任分工，健全工作机制，完善配套政策措施，做好《规划》印发和公开。拉萨市人民政府要依据经批准的总体规划编制专项规划和详细规划，依据详细规划核发规划许可，加强城市设计方法运用，建立国土空间相关专项规划统筹管理制度，强化对各专项规划的指导约束；按照“统一底图、统一标准、统一规划、统一平台”的要求，完,政府网站,plan_texts,0,2249
国务院关于武汉市国土空间总体规划20212035年的批复_1766919481.txt,国务院关于《武汉市国土空间总体规划（2021—2035年）》的批复,标题文号机构正文全部高级检索名称国务院关于《武汉市国土空间总体规划（2021—2035年）》的批复文号发布机构业务类型废止(失效)记录国函〔2025〕23号国务院土地管理成文时间效力级别来一一源时效状态2025年02月10日国务院文件中国政府网现行有效名称国务院关于《武汉市国土空间总体规划（2021—2035年）》的批复文号发布机构效力级别国函〔2025〕23号国务院国务院文件成文时间业务类型来一一源2025年02月10日土地管理中国政府网湖北省人民政府、自然资源部：你们关于报请批准《武汉市国土空间总体规划（2021—2035年）》的请示收悉。现批复如下：一、原则同意自然资源部审查通过的《武汉市国土空间总体规划（2021—2035年）》（以下简称《规划》）。《规划》是武汉市各类开发保护建设活动的基本依据，请认真组织实施。武汉是湖北省省会，中部地区的中心城市，国家历史文化名城，国际性综合交通枢纽城市。《规划》实施要坚持以习近平新时代中国特色社会主义思想为指导，全面贯彻党的二十大和二十届二中、三中全会精神，完整准确全面贯彻新发展理念，坚持以人民为中心，统筹发展和安全，促进人与自然和谐共生，发挥中部经济中心、科技创新中心、商贸物流中心、对外交往中心以及长江中游航运中心等功能，奋力谱写中国式现代化武汉篇章。二、筑牢安全发展的空间基础。到2035年，武汉市耕地保有量不低于341.79万亩，其中永久基本农田保护面积不低于310.94万亩；生态保护红线面积不低于794.54平方千米；城镇开发边界面积控制在1813.35平方千米以内；单位国内生产总值建设用地使用面积下降不少于40%；用水总量不超过上级下达指标，其中2025年不超过39.0亿立方米。明确自然灾害风险重点防控区域，划定洪涝、地震等风险控制线以及绿地系统线、水体保护线、历史文化保护线和基础设施建设控制线，落实战略性矿产资源等安全保障空间。三、构建支撑新发展格局的国土空间体系。主动融入共建“一带一路”，深度参与长江经济带高质量发展，共抓长江大保护，带动中部地区加快崛起，推进长江中游城市群联动发展，加强武汉都市圈国土空间开发保护利用的区域协同，促进形成主体功能明显、优势互补、高质量发展的国土空间开发保护新格局。四、系统优化国土空间开发保护格局。加快构建区域协调、城乡融合的城镇体系，提升中心城区服务能级，完善汉口、武昌、汉阳地区相对独立的功能布局。强化对长江、汉江及其洲岛岸线的系统保护和开发利用，严格河湖水域空间管控，整体提升河湖水网生态系统的质量和稳定性，统筹推进生态空间保护和蓄滞洪区建设，加强北部山区生态保护修复。优化现代都市农业空间布局，拓展特色优势农产品生产空间。完善城市功能结构和空间布局，协调产业布局、综合交通、设施配置和土地使用，优先保障科技创新和产业创新深度融合发展的空间需求，为优化先进制造业布局、推动传统产业转型升级、培育产业创新中心和制造业创新中心提供土地政策保障。系统提升航空、铁路枢纽功能，加强武汉长江中游航运中心建设，充分发挥内河航运作用，支持打造长江黄金水道，完善多向联通、多式联运的对外对内通道，建设安全便捷、绿色低碳的城市综合交通体系。统筹水利、能源、环境、通信、国防等基础设施空间，积极稳步推进“平急两用”公共基础设施建设，加强洪涝灾害防治，优化防灾减灾救灾设施区域布局，提高国土空间安全韧性。统筹安排城乡公共服务设施布局，完善城乡生活圈，促进职住平衡；系统布局蓝绿开放空间，营造更加宜业宜居宜乐宜游的人民城市。严格开发强度管控，提高土地节约集约利用水平，统筹地上地下空间利用，大力实施城市更新，有序实施土地综合整治。彰显城乡自然与文化特色，健全文化遗产与自然遗产空间保护机制，保护好“江、湖、山、城”的空间格局，加强八七会议会址、中国共产党第五次全国代表大会旧址等红色文化遗产和武昌起义军政府旧址等近代历史文化遗存保护。加强对城市建筑高度、体量、色彩等空间要素的管控引导，保护好历史城区和历史文化街区，构建文化资源、自然资源、景观资源整体保护的空间体系。五、维护规划严肃性权威性。《规划》是对武汉市国土空间作出的全局安排，是全市国土空间保护、开发、利用、修复的政策和总纲，必须严格执行，任何部门和个人不得随意修改、违规变更。按照定期体检和五年一评估的要求，健全各级各类国土空间规划实施监测评估预警机制，将规划评估结果作为规划实施监督考核的重要依据。建立健全规划监督、执法、问责联动机制，实施规划全生命周期管理。六、做好规划实施保障。湖北省人民政府、自然资源部要指导督促武汉市人民政府加强组织领导，明确责任分工，健全工作机制，完善配套政策措施，做好《规划》印发和公开。武汉市人民政府要依据经批准的总体规划编制专项规划和详细规划，依据详细规划核发规划许可，加强城市设计方法运用，建立国土空,政府网站,plan_texts,0,2305
国务院关于浙江省国土空间规划20212035年的批复_1766919481.txt,国务院关于《浙江省国土空间规划（2021—2035年）》的批复,标题文号机构正文全部高级检索名称国务院关于《浙江省国土空间规划（2021—2035年）》的批复文号发布机构业务类型废止记录国函〔2023〕150号国务院土地管理成文时间效力级别来一一源时效状态2023年12月21日国务院文件中国政府网现行有效名称国务院关于《浙江省国土空间规划（2021—2035年）》的批复文号发布机构效力级别国函〔2023〕150号国务院国务院文件成文时间业务类型来一一源2023年12月21日土地管理中国政府网浙江省人民政府、自然资源部：你们关于报请批准《浙江省国土空间规划（2021—2035年）》的请示收悉。现批复如下：一、原则同意自然资源部审查通过的《浙江省国土空间规划（2021—2035年）》（以下简称《规划》）。《规划》是浙江省空间发展的指南、可持续发展的空间蓝图，是各类开发保护建设活动的基本依据，请认真组织实施。浙江省是长江经济带发展、长三角一体化发展战略的交汇区，是中国式现代化的先行者。《规划》实施要坚持以习近平新时代中国特色社会主义思想为指导，全面贯彻落实党的二十大精神，完整、准确、全面贯彻新发展理念，坚持以人民为中心，统筹发展和安全，促进人与自然和谐共生，加快建设共同富裕示范区，努力将浙江打造成为新时代全面展示中国特色社会主义制度优越性的重要窗口。二、筑牢安全发展的空间基础。到2035年，浙江省耕地保有量不低于1876.00万亩，其中永久基本农田保护面积不低于1652.00万亩；生态保护红线面积不低于3.67万平方千米，其中海洋生态保护红线面积不低于1.46万平方千米；城镇开发边界扩展倍数控制在基于2020年城镇建设用地规模的1.3倍以内；单位国内生产总值建设用地使用面积下降不少于40%；用水总量不超过国家下达指标，其中2025年不超过186.8亿立方米。明确自然灾害风险重点防控区域，划定洪涝等风险控制线，落实战略性矿产资源、历史文化保护等安全保障空间，全面锚固高质量发展的空间底线。三、构建支撑新发展格局的国土空间体系。深入实施区域协调发展战略、区域重大战略、主体功能区战略、新型城镇化战略、乡村振兴战略，促进形成主体功能明显、优势互补、高质量发展的国土空间开发保护新格局。深度融入长江经济带发展、长三角一体化发展战略，共同将长三角打造成为率先基本实现现代化引领区和改革开放新高地，加强与京津冀协同发展、粤港澳大湾区建设协调布局，加快海洋强省建设，高质量共建“一带一路”，推进更高起点更高层次对外开放。四、系统优化国土空间开发保护格局。发挥区域比较优势，优化主体功能定位，细化主体功能区划分，完善差别化支持政策。集中保护和建设杭嘉湖平原等粮食主产区，在高度城镇化地区大力发展现代都市农业，完善浙西南特色农产品优势区布局，强化浙东沿海、舟山群岛等特色渔业建设，形成绿色多元的特色农产品生产空间。系统推进环太湖流域、杭州湾、舟山群岛等生态保护修复，严格实施钱塘江、瓯江等重要水域岸线空间保护，加强水资源战略储备。推进长三角生态绿色一体化发展示范区建设，以杭州、宁波都市圈为重点，大中小城市和小城镇为支撑，构建多中心、网络化、集约型、开放式、绿色化的区域一体空间布局，持续深化“千村示范、万村整治”工程，打造城乡生活圈，均衡布局公共服务设施，体现江南鱼米之乡、山水浙江的风采特色，打造中国式农业农村现代化的浙江样板。布局战略性新兴产业、未来产业发展空间，抓住产业数字化、数字产业化赋予的机遇，构建现代化经济体系，将宁波舟山港努力打造为世界一流强港。完善城市和区域灾害风险防控设施布局，合理布局应急保障设施，健全综合防灾减灾安全保障体系。统筹传统和新型基础设施空间布局，构建现代化基础设施网络。强化文化遗产与自然遗产整体保护和系统活化利用，健全文化遗产与自然遗产空间保护机制，加强杭州西湖文化景观、大运河、良渚古城遗址等世界遗产保护，构建文化资源、自然资源、景观资源整体保护的空间体系，把生态效益更好转化为经济效益、社会效益，推进浙江生态文明建设迈上新台阶，彰显诗画浙江的独特魅力。五、维护规划严肃性权威性。《规划》是对浙江省国土空间作出的全局安排，是省域国土空间保护、开发、利用、修复的政策和总纲，必须严格执行，任何部门和个人不得随意修改、违规变更。按照定期体检和五年一评估的要求，健全各级各类国土空间规划实施监测评估预警机制，将规划评估结果作为规划实施监督考核的重要依据。建立健全规划监督、执法、问责联动机制，实施规划全生命周期管理。六、做好规划实施保障。浙江省人民政府要加强组织领导，明确责任分工，健全工作机制，完善配套政策措施。做好《规划》印发和公开，强化社会监督。组织完成地方各级国土空间总体规划、详细规划、相关专项规划编制工作，加快形成统一的国土空间规划体系，统筹国土空间开发保护。强化对水利、交通、能源、农业、信息、市政等基础设施以,政府网站,plan_texts,0,2385
国务院关于海口市国土空间总体规划20212035年的批复_1766919481.txt,国务院关于《海口市国土空间总体规划（2021—2035年）》的批复,标题文号机构正文全部高级检索名称国务院关于《海口市国土空间总体规划（2021—2035年）》的批复文号发布机构业务类型废止(失效)记录国函〔2024〕174号国务院土地管理成文时间效力级别来一一源时效状态2024年11月24日国务院文件中国政府网现行有效名称国务院关于《海口市国土空间总体规划（2021—2035年）》的批复文号发布机构效力级别国函〔2024〕174号国务院国务院文件成文时间业务类型来一一源2024年11月24日土地管理中国政府网海南省人民政府、自然资源部：你们关于报请批准《海口市国土空间总体规划（2021—2035年）》的请示收悉。现批复如下：一、原则同意自然资源部审查通过的《海口市国土空间总体规划（2021—2035年）》（以下简称《规划》）。《规划》是海口市各类开发保护建设活动的基本依据，请认真组织实施。海口是海南省省会，国家历史文化名城，国际性综合交通枢纽城市。《规划》实施要坚持以习近平新时代中国特色社会主义思想为指导，全面贯彻党的二十大和二十届二中、三中全会精神，完整准确全面贯彻新发展理念，坚持以人民为中心，统筹发展和安全，促进人与自然和谐共生，发挥区域性现代服务业高地、全国滨海旅游目的地等功能，奋力谱写中国式现代化建设海口篇章。二、筑牢安全发展的空间基础。到2035年，海口市耕地保有量不低于64.03万亩，其中永久基本农田保护面积不低于53.67万亩；生态保护红线面积不低于182.87平方千米，其中海洋生态保护红线面积不低于57.08平方千米；城镇开发边界面积控制在355.96平方千米以内；单位国内生产总值建设用地使用面积下降不少于40%；大陆自然岸线保有率不低于上级下达任务，其中2025年不低于60%；用水总量不超过上级下达指标，其中2025年不超过7.79亿立方米；除国家重大项目外，全面禁止围填海；严格无居民海岛管理。明确自然灾害风险重点防控区域，划定洪涝、地震等风险控制线以及绿地系统线、水体保护线、历史文化保护线和基础设施建设控制线，落实战略性矿产资源等安全保障空间。三、构建支撑新发展格局的国土空间体系。深化与粤港澳大湾区合作，积极融入北部湾城市群，引领海南自由贸易港建设，促进形成主体功能明显、优势互补、高质量发展的国土空间开发保护新格局。四、系统优化国土空间开发保护格局。加快构建区域协调、城乡融合的城镇体系，优化提升中心城区服务能级，加强与澄迈、文昌等周边市县的协同发展。提升南渡江流域水源涵养功能，保护湿地、红树林、火山地质地貌等生态资源，加强对市内河流、河口海湾和近岸海域的系统保护。优化热带特色高效农业空间布局，保障现代都市农业空间需求。完善城市功能结构和空间布局，协调产业布局、综合交通、设施配置和土地使用，重点发展现代服务业，加快服务贸易创新发展，促进服务业优化升级，为形成以服务型经济为主的产业结构提供空间保障，加强对海洋经济发展的服务保障。加强国际航空港枢纽功能，加快琼州海峡港航一体化发展，做好重大基础设施的空间预留，完善多向联通、多式联运的对外对内通道，建设安全便捷、绿色低碳的城市综合交通体系。统筹水利、能源、环境、通信、国防等基础设施空间，积极稳步推进“平急两用”公共基础设施建设，加强海洋灾害防治，优化防灾减灾救灾设施区域布局，提高国土空间安全韧性。统筹安排城乡公共服务设施布局，引导城市紧凑布局，完善城乡生活圈，促进职住平衡；系统布局蓝绿开放空间，营造更加宜业宜居宜乐宜游的人民城市。严格开发强度管控，提高土地节约集约利用水平，统筹地上地下空间利用，有序实施城市有机更新和土地综合整治。彰显城乡自然与文化特色，健全文化遗产与自然遗产空间保护机制。加强对城市建筑高度、体量、色彩等空间要素的管控引导，保护好历史城区和历史文化街区，构建文化资源、自然资源、景观资源整体保护的空间体系，塑造热带滨海城市特色风貌。五、维护规划严肃性权威性。《规划》是对海口市国土空间作出的全局安排，是全市国土空间保护、开发、利用、修复的政策和总纲，必须严格执行，任何部门和个人不得随意修改、违规变更。按照定期体检和五年一评估的要求，健全各级各类国土空间规划实施监测评估预警机制，将规划评估结果作为规划实施监督考核的重要依据。建立健全规划监督、执法、问责联动机制，实施规划全生命周期管理。六、做好规划实施保障。海南省人民政府、自然资源部要指导督促海口市人民政府加强组织领导，明确责任分工，健全工作机制，完善配套政策措施，做好《规划》印发和公开。海口市人民政府要依据经批准的总体规划编制专项规划和详细规划，依据详细规划核发规划许可，加强城市设计方法运用，建立国土空间相关专项规划统筹管理制度，强化对各专项规划的指导约束；按照“统一底图、统一标准、统一规划、统一平台”的要求，完善国土空间规划“一张图”系统和国土空间基础信息平台，建设国,政府网站,plan_texts,0,2221
国务院关于湖北省国土空间规划20212035年的批复_1766919481.txt,国务院关于《湖北省国土空间规划（2021—2035年）》的批复,标题文号机构正文全部高级检索名称国务院关于《湖北省国土空间规划（2021—2035年）》的批复文号发布机构业务类型废止(失效)记录国函〔2024〕179号国务院土地管理成文时间效力级别来一一源时效状态2024年11月30日国务院文件中国政府网现行有效名称国务院关于《湖北省国土空间规划（2021—2035年）》的批复文号发布机构效力级别国函〔2024〕179号国务院国务院文件成文时间业务类型来一一源2024年11月30日土地管理中国政府网湖北省人民政府、自然资源部：你们关于报请批准《湖北省国土空间规划（2021—2035年）》的请示收悉。现批复如下：一、原则同意自然资源部审查通过的《湖北省国土空间规划（2021—2035年）》（以下简称《规划》）。《规划》是湖北省空间发展的指南、可持续发展的空间蓝图，是各类开发保护建设活动的基本依据，请认真组织实施。湖北省联结东西、承接南北，是支撑长江经济带发展、中部地区崛起的重要地区，在国家和区域发展中具有重要地位。《规划》实施要坚持以习近平新时代中国特色社会主义思想为指导，全面贯彻落实党的二十大和二十届二中、三中全会精神，完整准确全面贯彻新发展理念，坚持以人民为中心，统筹发展和安全，促进人与自然和谐共生，在长江经济带高质量发展中奋勇争先，加快建成中部地区崛起的重要战略支点，奋力谱写中国式现代化湖北篇章。二、筑牢安全发展的空间基础。到2035年，湖北省耕地保有量不低于6925.25万亩，其中永久基本农田保护面积不低于5950.00万亩；生态保护红线面积不低于37358.99平方千米；城镇开发边界扩展倍数控制在基于2020年城镇建设用地规模的1.3倍以内；单位国内生产总值建设用地使用面积下降不少于40%；用水总量不超过国家下达指标，其中2025年不超过318亿立方米。明确自然灾害风险重点防控区域，划定洪涝等风险控制线，落实战略性矿产资源、历史文化保护等安全保障空间，全面锚固高质量发展的空间底线。三、构建支撑新发展格局的国土空间体系。深入实施区域协调发展战略、区域重大战略、主体功能区战略、新型城镇化战略和乡村振兴战略，促进形成主体功能明显、优势互补、高质量发展的国土空间开发保护新格局。深度融入共建“一带一路”，主动服务中部地区崛起、长江经济带发展等国家重大战略，推动长江中游城市群联动发展，深化与京津冀、长三角、粤港澳大湾区、成渝等区域合作，主动对接西部陆海新通道建设，加快打造内陆开放高地。四、系统优化国土空间开发保护格局。发挥区域比较优势，优化主体功能定位，细化主体功能区划分，完善差别化支持政策。提升江汉平原、鄂北岗地、鄂东沿江平原和丘陵等区域农业现代化水平和粮食生产能力，优化特色农业布局，在武汉都市圈积极发展现代都市农业。推进鄂西北秦巴山、鄂西南武陵山、鄂东北大别山、鄂东南幕阜山生态屏障建设，优化长江干流、汉江、清江等流域沿江工业企业布局，严格河湖水域空间管控，营造人水城产和谐的亲水空间，筑牢三峡水库、丹江口水库等水生态安全屏障，确保“一江清水永续东流，一泓清水永续北上”。支持武汉都市圈同城化发展，增强襄阳、宜昌的人口和经济集聚能力，依托重要交通廊道推动城镇发展，保障科技创新和产业创新深度融合发展的空间需求，打造具有全国影响力的科技创新高地。构建县域统筹、县乡村功能互补的公共服务体系，完善城乡生活圈。健全综合交通物流枢纽网络，打造沿长江、汉江等综合立体交通走廊，提升长江黄金水道运输效能，推进三峡水运新通道建设，提高多式联运水平，强化中部地区的大通道格局。完善地质灾害防治体系，优化防灾减灾救灾设施区域布局，提高国土空间安全韧性。健全文化遗产与自然遗产空间保护机制，强化文化遗产与自然遗产整体保护和系统活化利用，加强神农架、武当山古建筑群、明显陵、唐崖土司城址等世界遗产保护，构建长江文化、荆楚文化、红色文化等文化资源与自然资源、景观资源整体保护的空间体系。五、维护规划严肃性权威性。《规划》是对湖北省国土空间作出的全局安排，是省域国土空间保护、开发、利用、修复的政策和总纲，必须严格执行，任何部门和个人不得随意修改、违规变更。按照定期体检和五年一评估的要求，健全各级各类国土空间规划实施监测评估预警机制，将规划评估结果作为规划实施监督考核的重要依据。建立健全规划监督、执法、问责联动机制，实施规划全生命周期管理。六、做好规划实施保障。湖北省人民政府要加强组织领导，明确责任分工，健全工作机制，完善配套政策措施。做好《规划》印发和公开，强化社会监督。组织完成地方各级国土空间总体规划、详细规划、相关专项规划编制工作，加快形成统一的国土空间规划体系，统筹国土空间开发保护。强化对水利、交通、能源、农业、信息、市政等基础设施以及公共服务设施、军事设施、生态环境保护、文物保护、林业草原等专项规划的指导约束，在国土空间规划“,政府网站,plan_texts,0,2334
国务院关于甘肃省国土空间规划20212035年的批复_1766919481.txt,国务院关于《甘肃省国土空间规划（2021—2035年）》的批复,标题文号机构正文全部高级检索名称国务院关于《甘肃省国土空间规划（2021—2035年）》的批复文号发布机构业务类型废止记录国函〔2024〕15号国务院土地管理成文时间效力级别来一一源时效状态2024年01月22日国务院文件中国政府网现行有效名称国务院关于《甘肃省国土空间规划（2021—2035年）》的批复文号发布机构效力级别国函〔2024〕15号国务院国务院文件成文时间业务类型来一一源2024年01月22日土地管理中国政府网甘肃省人民政府、自然资源部：你们关于报请批准《甘肃省国土空间规划（2021—2035年）》的请示收悉。现批复如下：一、原则同意自然资源部审查通过的《甘肃省国土空间规划（2021—2035年）》（以下简称《规划》）。《规划》是甘肃省空间发展的指南、可持续发展的空间蓝图，是各类开发保护建设活动的基本依据，请认真组织实施。甘肃省地处祖国西北，是国家重要的西部生态安全屏障、能源基地和“一带一路”的战略通道。《规划》实施要坚持以习近平新时代中国特色社会主义思想为指导，全面贯彻落实党的二十大精神，完整、准确、全面贯彻新发展理念，坚持以人民为中心，统筹发展和安全，促进人与自然和谐共生，不断开创富民兴陇新局面，奋力谱写中国式现代化建设甘肃篇章。二、筑牢安全发展的空间基础。到2035年，甘肃省耕地保有量不低于7703.00万亩，其中永久基本农田保护面积不低于6378.00万亩；生态保护红线面积不低于12.5万平方千米；城镇开发边界扩展倍数控制在基于2020年城镇建设用地规模的1.3倍以内；单位国内生产总值建设用地使用面积下降不少于40%；用水总量不超过国家下达指标，其中2025年不超过120.9亿立方米。明确自然灾害风险重点防控区域，划定洪涝、地震等风险控制线，落实战略性矿产资源、历史文化保护等安全保障空间，全面锚固高质量发展的空间底线。三、构建支撑新发展格局的国土空间体系。深入实施区域协调发展战略、区域重大战略、主体功能区战略、新型城镇化战略和乡村振兴战略，促进形成主体功能明显、优势互补、高质量发展的国土空间开发保护新格局。统筹推进黄河流域生态保护和高质量发展，保障丝绸之路经济带和西部陆海新通道建设，加强兰州—西宁城市群、关中平原城市群协调联动，对接成渝地区双城经济圈，促进河西走廊城市带可持续发展，强化甘肃在国家向西开放布局中的战略通道地位，构建内陆地区对外开放新高地。四、系统优化国土空间开发保护格局。发挥区域比较优势，优化主体功能定位，细化主体功能区划分，完善差别化支持政策。稳定沿黄高效农业产业发展带和河西灌溉农业区、陇东雨养农业区、中部旱作农业区、天水及陇南山地特色农业区的粮食生产能力，拓展多样化食物生产空间。筑牢国家西部生态安全屏障，强化黄河上游、长江上游、河西内陆河流域水源涵养保护，有序开展森林、草原、湿地、冰川、荒漠等重要生态系统保护和修复，加强河西走廊沙化荒漠化治理。严格河湖水域空间管控，加强地下水污染综合治理，在祁连山山前冲洪积扇等地区增强地下水储备能力。培育形成兰州—白银都市圈，加快酒泉、天水等区域中心城市建设，增强黄河沿岸、河西走廊和陇东南地区中心城市能级与集聚带动能力，保障创造就业岗位的空间需求，推动城乡基础设施和公共服务一体化，提升城乡人居环境品质，分区分类优化城乡空间布局，加强空间形态和风貌管控。合理安排资源能源开发空间布局，加快河西走廊清洁能源、陇东能源化工等能源基地建设。优化防灾减灾救灾设施区域布局，提高国土空间安全韧性。统筹传统和新型基础设施空间布局，构建现代化基础设施体系。健全文化遗产与自然遗产空间保护机制，强化文化遗产与自然遗产整体保护和系统活化利用，加强万里长城—嘉峪关、麦积山石窟、悬泉置遗址等世界文化遗产、红色文化遗产以及世界非物质文化遗产保护，构建文化资源、自然资源、景观资源整体保护的空间体系。五、维护规划严肃性权威性。《规划》是对甘肃省国土空间作出的全局安排，是省域国土空间保护、开发、利用、修复的政策和总纲，必须严格执行，任何部门和个人不得随意修改、违规变更。按照定期体检和五年一评估的要求，健全各级各类国土空间规划实施监测评估预警机制，将规划评估结果作为规划实施监督考核的重要依据。建立健全规划监督、执法、问责联动机制，实施规划全生命周期管理。六、做好规划实施保障。甘肃省人民政府要加强组织领导，明确责任分工，健全工作机制，完善配套政策措施。做好《规划》印发和公开，强化社会监督。组织完成地方各级国土空间总体规划、详细规划、相关专项规划编制工作，加快形成统一的国土空间规划体系，统筹国土空间开发保护。强化对水利、交通、能源、农业、信息、市政等基础设施以及公共服务设施、军事设施、生态环境保护、文物保护、林业草原等专项规划的指导约束，在国土空间规划“一张图”上协调解决矛盾问题，合理优化空间布局,政府网站,plan_texts,0,2311
国务院关于秦皇岛市国土空间总体规划20212035年的批复_1766919481.txt,国务院关于《秦皇岛市国土空间总体规划（2021—2035年）》的批复,标题文号机构正文全部高级检索名称国务院关于《秦皇岛市国土空间总体规划（2021—2035年）》的批复文号发布机构业务类型废止(失效)记录国函〔2024〕175号国务院土地管理成文时间效力级别来一一源时效状态2024年11月25日国务院文件中国政府网现行有效名称国务院关于《秦皇岛市国土空间总体规划（2021—2035年）》的批复文号发布机构效力级别国函〔2024〕175号国务院国务院文件成文时间业务类型来一一源2024年11月25日土地管理中国政府网河北省人民政府、自然资源部：你们关于报请批准《秦皇岛市国土空间总体规划(2021—2035年)》的请示收悉。现批复如下：一、原则同意自然资源部审查通过的《秦皇岛市国土空间总体规划（2021—2035年）》（以下简称《规划》）。《规划》是秦皇岛市各类开发保护建设活动的基本依据，请认真组织实施。秦皇岛是京津冀地区重要的节点城市，现代海洋城市，全国性综合交通枢纽城市。《规划》实施要坚持以习近平新时代中国特色社会主义思想为指导，全面贯彻党的二十大和二十届二中、三中全会精神，完整准确全面贯彻新发展理念，坚持以人民为中心，统筹发展和安全，促进人与自然和谐共生，发挥全国滨海旅游目的地等功能，奋力谱写中国式现代化建设秦皇岛篇章。二、筑牢安全发展的空间基础。到2035年，秦皇岛市耕地保有量不低于251.97万亩，其中永久基本农田保护面积不低于222.80万亩；生态保护红线面积不低于1998.65平方千米，其中海洋生态保护红线面积不低于658.15平方千米；城镇开发边界面积控制在507.04平方千米以内；单位国内生产总值建设用地使用面积下降不少于40%；大陆自然岸线保有率不低于上级下达任务，其中2025年不低于49.05%；用水总量不超过上级下达指标，其中2025年不超过9.70亿立方米；除国家重大项目外，全面禁止围填海；严格无居民海岛管理。明确自然灾害风险重点防控区域，划定洪涝、地震等风险控制线以及绿地系统线、水体保护线、历史文化保护线和基础设施建设控制线，落实战略性矿产资源等安全保障空间。三、构建支撑新发展格局的国土空间体系。积极参与共建京津冀城市群，加强与环渤海、东北地区城市的合作，促进形成主体功能明显、优势互补、高质量发展的国土空间开发保护新格局。四、系统优化国土空间开发保护格局。加快构建区域协调、城乡融合的城镇体系，推进港产城融合发展，优化提升北戴河服务保障能力，强化市域城镇间的协调联动。提升北部燕山山区水源涵养功能，加强对市内河流、河口海湾和近岸海域的系统保护，确保北戴河近岸海域水质达标。拓展特色优势农产品生产空间，优化现代都市农业空间布局，保障现代海洋牧场建设的空间需求。完善城市功能结构和空间布局，协调产业布局、综合交通、设施配置和土地使用，优先保障先进制造业、临港产业和现代海洋产业集群发展的空间需求，优化文化旅游、生命健康等现代服务业空间布局。提升国家物流枢纽功能，加强秦皇岛港与环渤海地区其他港口功能的协同布局，完善多向联通、多式联运的对外对内通道，建设安全便捷、绿色低碳的城市综合交通体系。统筹水利、能源、环境、通信、国防等基础设施空间，积极稳步推进“平急两用”公共基础设施建设，优化防灾减灾救灾设施区域布局，提高国土空间安全韧性。统筹安排城乡公共服务设施布局，引导城市紧凑布局，完善城乡生活圈，促进职住平衡；系统布局蓝绿开放空间，营造更加宜业宜居宜乐宜游的人民城市。严格开发强度管控，提高土地节约集约利用水平，统筹地上地下空间利用，有序实施城市有机更新和土地综合整治。彰显城乡自然与文化特色，健全文化遗产与自然遗产空间保护机制，加强长城（秦皇岛段）世界文化遗产及北戴河等风景名胜区的保护。加强对城市建筑高度、体量、色彩等空间要素的管控引导，保护好秦皇岛市山海关区国家历史文化名城，构建文化资源、自然资源、景观资源整体保护的空间体系，塑造山海联动的滨海城市特色风貌。五、维护规划严肃性权威性。《规划》是对秦皇岛市国土空间作出的全局安排，是全市国土空间保护、开发、利用、修复的政策和总纲，必须严格执行，任何部门和个人不得随意修改、违规变更。按照定期体检和五年一评估的要求，健全各级各类国土空间规划实施监测评估预警机制，将规划评估结果作为规划实施监督考核的重要依据。建立健全规划监督、执法、问责联动机制，实施规划全生命周期管理。六、做好规划实施保障。河北省人民政府、自然资源部要指导督促秦皇岛市人民政府加强组织领导，明确责任分工，健全工作机制，完善配套政策措施，做好《规划》印发和公开。秦皇岛市人民政府要依据经批准的总体规划编制专项规划和详细规划，依据详细规划核发规划许可，加强城市设计方法运用，建立国土空间相关专项规划统筹管理制度，强化对各专项规划的指导约束；按照“统一底图、统一标准、统一规划、统一平台”的要求，完,政府网站,plan_texts,0,2250
国务院关于西安市国土空间总体规划20212035年的批复_1766919481.txt,国务院关于《西安市国土空间总体规划（2021—2035年）》的批复,标题文号机构正文全部高级检索名称国务院关于《西安市国土空间总体规划（2021—2035年）》的批复文号发布机构业务类型废止(失效)记录国函〔2025〕13号国务院土地管理成文时间效力级别来一一源时效状态2025年01月17日国务院文件中国政府网现行有效名称国务院关于《西安市国土空间总体规划（2021—2035年）》的批复文号发布机构效力级别国函〔2025〕13号国务院国务院文件成文时间业务类型来一一源2025年01月17日土地管理中国政府网陕西省人民政府、自然资源部：你们关于报请批准《西安市国土空间总体规划（2021—2035年）》的请示收悉。现批复如下：一、原则同意自然资源部审查通过的《西安市国土空间总体规划（2021—2035年）》（以下简称《规划》）。《规划》是西安市各类开发保护建设活动的基本依据，请认真组织实施。西安是陕西省省会，西部地区重要的中心城市，国家历史文化名城，国际性综合交通枢纽城市，国家重要科研和文教中心。《规划》实施要坚持以习近平新时代中国特色社会主义思想为指导，全面贯彻党的二十大和二十届二中、三中全会精神，完整准确全面贯彻新发展理念，坚持以人民为中心，统筹发展和安全，促进人与自然和谐共生，发挥西部经济中心、科技创新中心、先进制造业基地、对外交往中心以及国际旅游目的地等功能，奋力谱写中国式现代化西安篇章。二、筑牢安全发展的空间基础。到2035年，西安市耕地保有量不低于202.48万亩，其中永久基本农田保护面积不低于135.28万亩；生态保护红线面积不低于3795.65平方千米；城镇开发边界面积控制在1410.77平方千米以内；单位国内生产总值建设用地使用面积下降不少于40%；用水总量不超过上级下达指标，其中2025年不超过23.35亿立方米。明确自然灾害风险重点防控区域，划定洪涝、地震等风险控制线以及绿地系统线、水体保护线、历史文化保护线和基础设施建设控制线，落实战略性矿产资源等安全保障空间。三、构建支撑新发展格局的国土空间体系。深度融入共建“一带一路”，积极参与西部陆海新通道建设，协同推动黄河流域生态保护和高质量发展，引领关中平原城市群协同发展，带动深化晋陕豫黄河金三角区域经济协作，加快西安—咸阳一体化进程，促进形成主体功能明显、优势互补、高质量发展的国土空间开发保护新格局。四、系统优化国土空间开发保护格局。加快构建区域协调、城乡融合的城镇体系，提升中心城区服务能级，促进陕西西咸新区融合发展，加强中心城区与县城功能联动。持续加强秦岭生态屏障保护修复，修复渭河流域生态系统，加强荒山绿化，推动水土流失综合治理。保障现代都市农业空间需求，优化农业空间布局。完善城市功能结构和空间布局，协调产业布局、综合交通、设施配置和土地使用，优先保障先进制造业、高新技术产业和科技创新产业发展的空间需求，优化国际贸易、文化旅游和科研教育等现代服务业空间布局。提升国际航空、铁路枢纽功能，完善多向联通、多式联运的对外对内通道，建设安全便捷、绿色低碳的城市综合交通体系。严格控制地下水开采利用。统筹水利、能源、环境、通信、国防等基础设施空间，积极稳步推进“平急两用”公共基础设施建设，加强抗震减灾，优化防灾减灾救灾设施区域布局，提高国土空间安全韧性。统筹安排城乡公共服务设施布局，完善城乡生活圈，促进职住平衡；系统布局蓝绿开放空间，营造更加宜业宜居宜乐宜游的人民城市。严格开发强度管控，提高土地节约集约利用水平，统筹地上地下空间利用，大力实施城市更新，有序实施土地综合整治。彰显城乡自然与文化特色，健全文化遗产与自然遗产空间保护机制，加强秦始皇陵及兵马俑坑世界文化遗产和八路军西安办事处旧址等红色文化遗产保护，提升工业遗产保护和活化利用水平，严格地下文物埋藏区空间管控。加强对城市建筑高度、体量、色彩等空间要素的管控引导，整体保护“八水绕长安”的古都山水环境，保护好历史城区和历史文化街区，构建文化资源、自然资源、景观资源整体保护的空间体系。五、维护规划严肃性权威性。《规划》是对西安市国土空间作出的全局安排，是全市国土空间保护、开发、利用、修复的政策和总纲，必须严格执行，任何部门和个人不得随意修改、违规变更。按照定期体检和五年一评估的要求，健全各级各类国土空间规划实施监测评估预警机制，将规划评估结果作为规划实施监督考核的重要依据。建立健全规划监督、执法、问责联动机制，实施规划全生命周期管理。六、做好规划实施保障。陕西省人民政府、自然资源部要指导督促西安市人民政府加强组织领导，明确责任分工，健全工作机制，完善配套政策措施，做好《规划》印发和公开。西安市人民政府要依据经批准的总体规划编制专项规划和详细规划，依据详细规划核发规划许可，加强城市设计方法运用，建立国土空间相关专项规划统筹管理制度，强化对各专项规划的指导约束；按照“统一底图、统一标准、统一规划,政府网站,plan_texts,0,2260
国务院关于贵州省国土空间规划20212035年的批复_1766919481.txt,国务院关于《贵州省国土空间规划（2021—2035年）》的批复,标题文号机构正文全部高级检索名称国务院关于《贵州省国土空间规划（2021—2035年）》的批复文号发布机构业务类型废止记录国函〔2023〕151号国务院土地管理成文时间效力级别来一一源时效状态2023年12月21日国务院文件中国政府网现行有效名称国务院关于《贵州省国土空间规划（2021—2035年）》的批复文号发布机构效力级别国函〔2023〕151号国务院国务院文件成文时间业务类型来一一源2023年12月21日土地管理中国政府网贵州省人民政府、自然资源部：你们关于报请批准《贵州省国土空间规划（2021—2035年）》的请示收悉。现批复如下：一、原则同意自然资源部审查通过的《贵州省国土空间规划（2021—2035年）》（以下简称《规划》）。《规划》是贵州省空间发展的指南、可持续发展的空间蓝图，是各类开发保护建设活动的基本依据，请认真组织实施。贵州省地处我国西南腹地，是国家生态文明试验区。《规划》实施要坚持以习近平新时代中国特色社会主义思想为指导，全面贯彻落实党的二十大精神，完整、准确、全面贯彻新发展理念，坚持以人民为中心，促进人与自然和谐共生，以高质量发展统揽全局，围绕建设西部大开发综合改革示范区、巩固拓展脱贫攻坚成果样板区、内陆开放型经济新高地、数字经济发展创新区、生态文明建设先行区等重大任务，统筹发展和安全，努力开创百姓富、生态美的多彩贵州新未来。二、筑牢安全发展的空间基础。到2035年，贵州省耕地保有量不低于5021.00万亩，其中永久基本农田保护面积不低于3612.00万亩；生态保护红线面积不低于4.08万平方千米；城镇开发边界扩展倍数控制在基于2020年城镇建设用地规模的1.3倍以内；单位国内生产总值建设用地使用面积下降不少于40%；用水总量不超过国家下达指标，其中2025年不超过117.0亿立方米。明确自然灾害风险重点防控区域，划定洪涝等风险控制线，落实战略性矿产资源、历史文化保护等安全保障空间，全面锚固高质量发展的空间底线。三、构建支撑新发展格局的国土空间体系。深入实施区域协调发展战略、区域重大战略、主体功能区战略、新型城镇化战略和乡村振兴战略，促进形成主体功能明显、优势互补、高质量发展的国土空间开发保护新格局。积极融入以国内大循环为主体、国内国际双循环相互促进的新发展格局，协同推进西部大开发和长江经济带高质量发展，深度对接粤港澳大湾区、成渝地区双城经济圈，与滇中、北部湾、长江中游等城市群联动发展，在新时代西部大开发上闯出新路。四、系统优化国土空间开发保护格局。发挥区域比较优势，优化主体功能定位，细化主体功能区划分，完善差别化支持政策。严格保护集中分布的坝区耕地，拓展特色农业、都市农业等生产空间，加强水土流失和石漠化耕地治理，巩固中国特色农产品优势区建设。筑牢长江、珠江上游生态安全屏障，建设生物多样性保护网络，加强乌蒙山、苗岭、武陵山、大娄山四大山脉及乌江、赤水河等八大水系生态保护修复，科学推进国土绿化，严格河湖水域空间管控，在长江干流和赤水河等长江支流岸线实施产业准入负面清单管理，加强水资源战略储备，提升应急保障能力。促进贵阳都市圈一体化布局，积极培育黔中城市群，推进省域副中心城市建设，提升遵义、毕节、安顺、凯里、都匀、六盘水等城市的区域辐射带动作用，统筹布局公共服务设施体系，完善城乡生活圈，分类引导小城镇发展，优化村庄布局，提升城乡人居环境品质。引导优势产业集中集聚，保障科技创新和现代产业发展空间。完善粤港澳—成渝主轴、沪昆走廊、西部陆海走廊等建设，建立高效快捷现代物流体系和交通运输体系，统筹传统和新型基础设施空间布局，加强清洁能源开发利用，建设新型综合能源基地。优化防灾减灾救灾设施区域布局，提高国土空间安全韧性。强化文化遗产与自然遗产整体保护和系统活化利用，健全文化遗产与自然遗产空间保护机制，加强中国南方喀斯特、中国丹霞、梵净山、海龙屯土司遗址等世界遗产以及红色文化遗产保护，统筹风景名胜资源保护利用，突出地域文化特色，为文化和旅游融合发展提供空间保障，构建文化资源、自然资源、景观资源整体保护的空间体系。五、维护规划严肃性权威性。《规划》是对贵州省国土空间作出的全局安排，是省域国土空间保护、开发、利用、修复的政策和总纲，必须严格执行，任何部门和个人不得随意修改、违规变更。按照定期体检和五年一评估的要求，健全各级各类国土空间规划实施监测评估预警机制，将规划评估结果作为规划实施监督考核的重要依据。建立健全规划监督、执法、问责联动机制，实施规划全生命周期管理。六、做好规划实施保障。贵州省人民政府要加强组织领导，明确责任分工，健全工作机制，完善配套政策措施。做好《规划》印发和公开，强化社会监督。组织完成地方各级国土空间总体规划、详细规划、相关专项规划编制工作，加快形成统一的国土空间规划体系，统筹国土空间开发保护。强化对,政府网站,plan_texts,0,2408
国务院关于长三角国土空间规划20232035年的批复_1766919481.txt,国务院关于《长三角国土空间规划（2023—2035年）》的批复,标题文号机构正文全部高级检索名称国务院关于《长三角国土空间规划（2023—2035年）》的批复文号发布机构业务类型废止(失效)记录国函〔2025〕111号国务院土地管理成文日期效力级别发布日期时效状态2025年11月30日国务院文件2025年12月03日现行有效名称国务院关于《长三角国土空间规划（2023—2035年）》的批复文号发布机构效力级别国函〔2025〕111号国务院国务院文件成文时间业务类型来一一源2025年11月30日土地管理中国政府网自然资源部：你部关于报请批准《长三角国土空间规划（2023—2035年）》的请示收悉。现批复如下：一、原则同意自然资源部组织起草的《长三角国土空间规划（2023—2035年）》（以下简称《规划》）。《规划》是国家级国土空间专项规划，是长三角空间发展的指南、可持续发展的空间蓝图，是各类开发保护建设活动的基本依据，请认真组织实施。《规划》实施要坚持以习近平新时代中国特色社会主义思想为指导，全面贯彻落实党的二十大和二十届历次全会精神，完整准确全面贯彻新发展理念，坚持以人民为中心，统筹发展和安全，促进人与自然和谐共生，紧扣一体化和高质量这两个关键词，落实长三角一体化发展战略部署，建设世界级城市群，支撑长三角在中国式现代化中走在前列，更好发挥先行探路、引领示范、辐射带动作用。二、筑牢安全发展的空间基础。到2035年，长三角耕地保有量不低于16148万亩，其中永久基本农田保护面积不低于14290万亩；生态保护红线面积不低于7.7万平方千米；用水总量不超过国家下达指标。明确自然灾害风险重点防控区域，划定地质灾害、洪涝等风险控制线，落实战略性矿产资源、历史文化保护等安全保障空间，全面锚固高质量发展的空间底线。三、构建支撑新发展格局的国土空间体系。发挥区域协调发展战略、区域重大战略、主体功能区战略、新型城镇化战略叠加效应，优化重大生产力布局，发挥重点区域增长极作用，构建优势互补、高质量发展的国土空间体系。按照主体功能定位，推动长三角一体化发展，持续优化城镇空间，共同保护生态空间，积极拓展农业空间，深度统筹陆海空间，增强区域整体竞争力和综合承载力，深度融入共建“一带一路”，强化长三角在长江经济带中的引领带动作用，加强与周边省份及区域重大战略地区的协同联动。四、系统优化国土空间开发保护格局。优化以都市圈为引领的空间格局，支持上海发挥龙头带动作用，加强上海大都市圈与苏锡常都市圈空间融合，以及与南京、杭州、合肥、宁波都市圈空间统筹，支撑世界级城市群建设。强化科技创新和产业创新空间跨区域协同，重点保障长三角G60科创走廊、沿沪宁产业创新带、宁杭生态经济带等空间需求，优化沿江、沿海地区传统产业用地布局，加强传统产业集群向苏北、皖北、安徽沿江等地区有序升级转移的空间保障。推动生态空间跨区域协同，筑牢重要生态屏障和生态廊道，支持长江、大运河国家文化公园建设，推动太湖周边、江淮湖群、黄河故道、浙皖省际毗邻地区彰显国土空间特色魅力，提升文化和自然资源资产价值。优化陆海统筹、江海联动的空间格局，推进沿海地区港航功能、港产城等重要空间的协同布局，合理有序利用深远海空间，释放海洋空间发展潜能。提高国土空间安全韧性，完善粮食应急保供空间布局，统筹流域防洪排涝空间，推动防灾减灾设施协同布局，加强水利、交通、能源、新型信息等基础设施空间保障，促进重要通道设施互联互通。五、维护规划严肃性权威性。《规划》是对长三角国土空间作出的全局安排，是区域国土空间保护、开发、利用、修复的政策和总纲，是有关地方各级编制实施国土空间规划的重要依据，必须严格执行。要自觉接受国土空间规划的指导约束，不得随意修改、违规变更，对不符合国土空间规划的用地用海、未批先建等违法违规行为要严肃查处。按照定期体检和五年一评估的要求，健全各级各类国土空间规划实施监测评估预警机制，将规划评估结果作为规划实施监督考核的重要依据。建立健全规划监督、执法、问责联动机制，实施规划全生命周期管理。六、做好规划实施保障。上海市、江苏省、浙江省、安徽省人民政府要加强组织领导，明确责任分工，健全工作机制，完善配套政策措施，将《规划》确定的目标指标、重点任务等纳入有关地方各级国土空间规划，加快形成统一的国土空间规划体系，统筹国土空间开发保护。强化对水利、交通、能源、农业、信息、市政等基础设施以及公共服务设施、军事设施、生态环境保护、文物保护、林业草原等专项规划的指导约束，在国土空间规划“一张图”上协调解决矛盾问题，合理优化空间布局。长三角四省市要充分发挥国土空间规划委员会作用，加强对跨省域规划编制实施管理的统筹协调，强化对交界地区市县级国土空间规划的传导要求。按照“统一底图、统一标准、统一规划、统一平台”的要求，完善国土空间规划“一张图”系统和国土空间基础信息平台，建立国土空间规划实施监测网,政府网站,plan_texts,0,2205
国务院关于陕西省国土空间规划20212035年的批复_1766919481.txt,国务院关于《陕西省国土空间规划（2021—2035年）》的批复,标题文号机构正文全部高级检索名称国务院关于《陕西省国土空间规划（2021—2035年）》的批复文号发布机构业务类型废止记录国函〔2024〕18号国务院综合管理成文时间效力级别来一一源时效状态2024年01月31日国务院文件中国政府网现行有效名称国务院关于《陕西省国土空间规划（2021—2035年）》的批复文号发布机构效力级别国函〔2024〕18号国务院国务院文件成文时间业务类型来一一源2024年01月31日综合管理中国政府网陕西省人民政府、自然资源部：你们关于报请批准《陕西省国土空间规划（2021—2035年）》的请示收悉。现批复如下：一、原则同意自然资源部审查通过的《陕西省国土空间规划（2021—2035年）》（以下简称《规划》）。《规划》是陕西省空间发展的指南、可持续发展的空间蓝图，是各类开发保护建设活动的基本依据，请认真组织实施。陕西省地处我国内陆腹地，是中华民族和华夏文明重要发祥地之一，是新时代西部大开发、共建“一带一路”的重要节点地区。《规划》实施要坚持以习近平新时代中国特色社会主义思想为指导，全面贯彻落实党的二十大精神，完整、准确、全面贯彻新发展理念，坚持以人民为中心，统筹发展和安全，促进人与自然和谐共生，奋力谱写中国式现代化建设陕西篇章。二、筑牢安全发展的空间基础。到2035年，陕西省耕地保有量不低于4326.00万亩，其中永久基本农田保护面积不低于3377.60万亩；生态保护红线面积不低于4.86万平方千米；城镇开发边界扩展倍数控制在基于2020年城镇建设用地规模的1.3倍以内；单位国内生产总值建设用地使用面积下降不少于40%；用水总量不超过国家下达指标，其中2025年不超过107.0亿立方米。明确自然灾害风险重点防控区域，划定洪涝等风险控制线，落实战略性矿产资源、历史文化保护等安全保障空间，全面锚固高质量发展的空间底线。三、构建支撑新发展格局的国土空间体系。深入实施区域协调发展战略、区域重大战略、主体功能区战略、新型城镇化战略和乡村振兴战略，促进形成主体功能明显、优势互补、高质量发展的国土空间开发保护新格局。深度融入黄河流域生态保护和高质量发展、新时代西部大开发等国家重大战略，加强关中平原城市群与成渝地区双城经济圈以及长江中游、中原、山西中部、兰州—西宁等城市群协同发展，加快形成面向中亚南亚西亚国家的重要对外开放通道，打造内陆改革开放高地。四、系统优化国土空间开发保护格局。发挥区域比较优势，优化主体功能定位，细化主体功能区划分，完善差别化支持政策。以陕北长城沿线旱作区和黄土高原旱作区、关中灌区、汉中盆地为重点，拓展特色农产品生产空间，夯实粮食安全基础。健全秦岭常态化长效化保护机制，筑牢秦岭—大巴山、陕北黄土高原—长城沿线生态屏障，实施江河源头、森林、河湖、湿地系统保护修复，加强珍稀野生动植物和古树名木保护。加强黄河流域生态保护修复，推进水土流失、荒漠化综合治理，守护好黄河母亲河。严格河湖水域空间管控，实施地下水污染综合治理，强化南水北调中线水源地保护。积极培育西安都市圈，提升宝鸡、渭南、汉中、榆林等城市的综合承载能力，促进陕北、关中、陕南区域协调发展，分类优化乡村空间布局，加强传统村落和乡村特色风貌保护，提升城乡人居环境品质。发挥区位、科教和能源资源优势，统筹传统和新型基础设施空间布局，积极参与西部陆海新通道建设，打造国家重要科研和文教中心、高新技术产业和制造业基地。加强自然灾害防治，优化防灾减灾救灾设施区域布局，提高国土空间安全韧性。健全文化遗产与自然遗产空间保护机制，强化文化遗产与自然遗产整体保护和系统活化利用，加强秦岭、华山、黄帝陵、兵马俑等自然和文化遗产保护，加强延安宝塔等红色文化遗产传承保护，构建文化资源、自然资源、景观资源整体保护的空间体系。五、维护规划严肃性权威性。《规划》是对陕西省国土空间作出的全局安排，是省域国土空间保护、开发、利用、修复的政策和总纲，必须严格执行，任何部门和个人不得随意修改、违规变更。按照定期体检和五年一评估的要求，健全各级各类国土空间规划实施监测评估预警机制，将规划评估结果作为规划实施监督考核的重要依据。建立健全规划监督、执法、问责联动机制，实施规划全生命周期管理。六、做好规划实施保障。陕西省人民政府要加强组织领导，明确责任分工，健全工作机制，完善配套政策措施。做好《规划》印发和公开，强化社会监督。组织完成地方各级国土空间总体规划、详细规划、相关专项规划编制工作，加快形成统一的国土空间规划体系，统筹国土空间开发保护。强化对水利、交通、能源、农业、信息、市政等基础设施以及公共服务设施、军事设施、生态环境保护、文物保护、林业草原等专项规划的指导约束，在国土空间规划“一张图”上协调解决矛盾问题，合理优化空间布局。建立健全国土空间规划委员会制度，发挥对国土空间规划编制实施管理的统,政府网站,plan_texts,0,2277
国务院关于青岛市国土空间总体规划20212035年的批复_1766919481.txt,国务院关于《青岛市国土空间总体规划（2021—2035年）》的批复,标题文号机构正文全部高级检索名称国务院关于《青岛市国土空间总体规划（2021—2035年）》的批复文号发布机构业务类型废止(失效)记录国函〔2024〕169号国务院土地管理成文时间效力级别来一一源时效状态2024年11月09日国务院文件国土空间规划局现行有效名称国务院关于《青岛市国土空间总体规划（2021—2035年）》的批复文号发布机构效力级别国函〔2024〕169号国务院国务院文件成文时间业务类型来一一源2024年11月09日土地管理国土空间规划局山东省人民政府、自然资源部：你们关于报请批准《青岛市国土空间总体规划（2021—2035年）》的请示收悉。现批复如下：一、原则同意自然资源部审查通过的《青岛市国土空间总体规划（2021—2035年）》（以下简称《规划》）。《规划》是青岛市各类开发保护建设活动的基本依据，请认真组织实施。青岛是沿海重要的中心城市，国家历史文化名城，现代海洋城市，国际性综合交通枢纽城市。《规划》实施要坚持以习近平新时代中国特色社会主义思想为指导，全面贯彻党的二十大和二十届二中、三中全会精神，完整准确全面贯彻新发展理念，坚持以人民为中心，统筹发展和安全，促进人与自然和谐共生，发挥北方先进制造业基地、北方对外开放门户、国际滨海旅游目的地等功能，奋力谱写中国式现代化建设青岛篇章。二、筑牢安全发展的空间基础。到2035年，青岛市耕地保有量不低于634.14万亩，其中永久基本农田保护面积不低于568.70万亩；生态保护红线面积不低于1705.00平方千米，其中海洋生态保护红线面积不低于984.00平方千米；城镇开发边界面积控制在2027.69平方千米以内；单位国内生产总值建设用地使用面积下降不少于40%；大陆自然岸线保有率不低于上级下达任务，其中2025年不低于41.68%；用水总量不超过上级下达指标，其中2025年不超过12.11亿立方米；除国家重大项目外，全面禁止围填海；严格无居民海岛管理。明确自然灾害风险重点防控区域，划定洪涝、地震等风险控制线以及绿地系统线、水体保护线、历史文化保护线和基础设施建设控制线，落实战略性矿产资源等安全保障空间。三、构建支撑新发展格局的国土空间体系。强化畅通国内国际双循环的重要节点作用，深度融入高质量共建“一带一路”，推进中国—上海合作组织地方经贸合作示范区建设。引领山东半岛城市群协同发展，加强青岛都市圈国土空间开发保护利用的区域协同，促进形成主体功能明显、优势互补、高质量发展的国土空间开发保护新格局。四、系统优化国土空间开发保护格局。加快构建区域协调、城乡融合的城镇体系，推进中心城区东西两岸联动发展，推动青岛西海岸新区港产城融合发展，促进环胶州湾地区城镇集约紧凑布局。推动陆海生态协同保护，提升大泽山等地区水源涵养功能，加强大沽河流域与河口海湾的系统保护修复，集约利用海域、海岛、海岸线资源。拓展现代都市农业空间，保护胶莱平原农产品主产区，保障现代海洋牧场建设的空间需求。完善城市功能结构和空间布局，协调产业布局、综合交通、设施配置和土地使用，优先保障先进制造业、科技创新产业发展空间需求，优化商贸等现代服务业布局。加强国际航空港枢纽功能，提升国际航运等现代服务能级，加强青岛港与黄渤海区域港口功能的协同布局，完善多向联通、多式联运的对外对内通道，建设安全便捷、绿色低碳的城市综合交通体系。统筹水利、能源、环境、通信、国防等基础设施空间，积极稳步推进“平急两用”公共基础设施建设，加强海洋灾害防治，优化防灾减灾救灾设施区域布局，提高国土空间安全韧性。统筹安排城乡公共服务设施布局，引导城市紧凑布局，完善城乡生活圈，促进职住平衡；系统布局蓝绿开放空间，营造更加宜业宜居宜乐宜游的人民城市。严格开发强度管控，提高土地节约集约利用水平，统筹地上地下空间利用，有序实施城市有机更新和土地综合整治。彰显城乡自然与文化特色，健全文化遗产与自然遗产空间保护机制，保护好齐长城遗址、琅琊台遗址及崂山等风景名胜区。加强对城市建筑高度、体量、色彩等空间要素的管控引导，保护好历史文化名城的历史城区和历史文化街区，构建文化资源、自然资源、景观资源整体保护的空间体系。五、维护规划严肃性权威性。《规划》是对青岛市国土空间作出的全局安排，是全市国土空间保护、开发、利用、修复的政策和总纲，必须严格执行，任何部门和个人不得随意修改、违规变更。按照定期体检和五年一评估的要求，健全各级各类国土空间规划实施监测评估预警机制，将规划评估结果作为规划实施监督考核的重要依据。建立健全规划监督、执法、问责联动机制，实施规划全生命周期管理。六、做好规划实施保障。山东省人民政府、自然资源部要指导督促青岛市人民政府加强组织领导，明确责任分工，健全工作机制，完善配套政策措施，做好《规划》印发和公开。青岛市人民政府要依据经批准的总体规划编制专项规划和详细,政府网站,plan_texts,0,2337
国务院关于青海省国土空间规划20212035年的批复_1766919481.txt,国务院关于《青海省国土空间规划（2021—2035年）》的批复,标题文号机构正文全部高级检索名称国务院关于《青海省国土空间规划（2021—2035年）》的批复文号发布机构业务类型废止记录国函〔2023〕159号国务院土地管理成文时间效力级别来一一源时效状态2023年12月28日国务院文件中国政府网现行有效名称国务院关于《青海省国土空间规划（2021—2035年）》的批复文号发布机构效力级别国函〔2023〕159号国务院国务院文件成文时间业务类型来一一源2023年12月28日土地管理中国政府网青海省人民政府、自然资源部：你们关于报请批准《青海省国土空间规划（2021—2035年）》的请示收悉。现批复如下：一、原则同意自然资源部审查通过的《青海省国土空间规划（2021—2035年）》（以下简称《规划》）。《规划》是青海省空间发展的指南、可持续发展的空间蓝图，是各类开发保护建设活动的基本依据，请认真组织实施。青海省地处青藏高原，是国家生态安全重要屏障，是实施黄河流域生态保护和高质量发展战略的关键区域。《规划》实施要坚持以习近平新时代中国特色社会主义思想为指导，全面贯彻落实党的二十大精神，完整、准确、全面贯彻新发展理念，坚持以人民为中心，统筹发展和安全，促进人与自然和谐共生，推进生态文明先行区、循环经济发展先行区、民族团结进步先进区建设，奋力谱写中国式现代化建设青海篇章。二、筑牢安全发展的空间基础。到2035年，青海省耕地保有量不低于838.70万亩，其中永久基本农田保护面积不低于737.11万亩；生态保护红线面积不低于29.64万平方千米；城镇开发边界扩展倍数控制在基于2020年城镇建设用地规模的1.3倍以内；单位国内生产总值建设用地使用面积下降不少于40%；用水总量不超过国家下达指标，其中2025年不超过29.6亿立方米。明确自然灾害风险重点防控区域，划定洪涝、地震等风险控制线，落实战略性矿产资源、历史文化保护等安全保障空间，全面锚固高质量发展的空间底线。三、构建支撑新发展格局的国土空间体系。深入实施区域协调发展战略、区域重大战略、主体功能区战略、新型城镇化战略和乡村振兴战略，促进形成主体功能明显、优势互补、高质量发展的国土空间开发保护新格局。贯彻落实新时代推进西部大开发、黄河流域生态保护和高质量发展战略部署，共建兰州—西宁城市群，加强与关中平原、宁夏沿黄、天山北坡等城市群的协同发展，推动共建“一带一路”，合力将青藏高原打造成为全国乃至国际生态文明高地。四、系统优化国土空间开发保护格局。严格落实主体功能区布局，细化主体功能区划分，完善差别化支持政策。全面加强保障国家生态安全的主体功能，将三江源保护作为重中之重，加强环青海湖地区和祁连山生态保护，持续推进雪山冰川、江源流域、湖泊湿地、草原草甸、沙地荒漠等生态治理修复，巩固青藏高原生物多样性生态功能，综合治理水土流失，稳固提升水源涵养能力，严格长江、黄河、澜沧江、青海湖等重要江河湖泊的空间管控，承担好保护“中华水塔”的重大使命。巩固河湟谷地、泛共和盆地、柴达木盆地、三江源地区农牧业发展空间，科学发展设施农业，打造绿色有机农畜产品输出地。着力构建现代化西宁—海东都市圈，提升格尔木市、玉树市、共和县等城市和县城的辐射带动作用，支持县城和特色镇发展，分区分类优化农牧区村庄布局，实现生态保护和民生保障相协调，巩固拓展脱贫攻坚成果，提高农牧区公共服务可及性和均等化水平。推动土地资源、水资源节约集约高效利用，保障绿色低碳循环产业发展空间需求。加强战略性资源的储备保护和有序利用，加快建设世界级盐湖产业基地，打造国家清洁能源产业高地。完善城市和区域灾害风险防控设施布局，加强洪涝、地震等自然灾害防治。健全文化遗产与自然遗产空间保护机制，强化文化遗产与自然遗产整体保护和系统活化利用，构建文化资源、自然资源、景观资源整体保护的空间体系，加强自然与历史文化资源保护，打造国际生态旅游目的地，突出地域文化特色，彰显高原自然和人文魅力。五、维护规划严肃性权威性。《规划》是对青海省国土空间作出的全局安排，是省域国土空间保护、开发、利用、修复的政策和总纲，必须严格执行，任何部门和个人不得随意修改、违规变更。按照定期体检和五年一评估的要求，健全各级各类国土空间规划实施监测评估预警机制，将规划评估结果作为规划实施监督考核的重要依据。建立健全规划监督、执法、问责联动机制，实施规划全生命周期管理。六、做好规划实施保障。青海省人民政府要加强组织领导，明确责任分工，健全工作机制，完善配套政策措施。做好《规划》印发和公开，强化社会监督。组织完成地方各级国土空间总体规划、详细规划、相关专项规划编制工作，加快形成统一的国土空间规划体系，统筹国土空间开发保护。强化对水利、交通、能源、农业、信息、市政等基础设施以及公共服务设施、军事设施、生态环境保护、文物保护、林业草原等专项规划的指导约束，在国土空间规,政府网站,plan_texts,0,2336
国务院关于黄河流域国土空间规划20212035年的批复_1766919481.txt,国务院关于《黄河流域国土空间规划（2021—2035年）》的批复,标题文号机构正文全部高级检索名称国务院关于《黄河流域国土空间规划（2021—2035年）》的批复文号发布机构业务类型废止(失效)记录国函〔2025〕37号国务院土地管理成文时间效力级别来一一源时效状态2025年04月01日国务院文件中国政府网现行有效名称国务院关于《黄河流域国土空间规划（2021—2035年）》的批复文号发布机构效力级别国函〔2025〕37号国务院国务院文件成文时间业务类型来一一源2025年04月01日土地管理中国政府网自然资源部：你部关于报请批准《黄河流域国土空间规划（2021—2035年）》的请示收悉。现批复如下：一、原则同意自然资源部组织起草的《黄河流域国土空间规划（2021—2035年）》（以下简称《规划》）。《规划》是国家级国土空间专项规划，是黄河流域空间发展的指南、可持续发展的空间蓝图，是各类开发保护建设活动的基本依据，请认真组织实施。《规划》实施要坚持以习近平新时代中国特色社会主义思想为指导，全面贯彻落实党的二十大和二十届二中、三中全会精神，完整准确全面贯彻新发展理念，坚持以人民为中心，统筹发展和安全，坚持共同抓好大保护，协同推进大治理，落实黄河流域生态保护和高质量发展战略部署，强化水资源刚性约束，统筹推进山水林田湖草沙冰一体化保护和系统治理，保障国家能源与粮食安全，不断优化国土空间开发保护格局，推动城乡人居环境明显改善、美丽中国建设取得显著成效，开创黄河流域生态保护和高质量发展新局面，让黄河成为造福人民的幸福河。二、筑牢安全发展的空间基础。到2035年，黄河流域耕地保有量不低于25921.71万亩，其中永久基本农田保护面积不低于21544.88万亩；生态保护红线面积不低于39.60万平方千米；城镇开发边界扩展倍数控制在基于2020年城镇建设用地规模的1.3倍以内；单位国内生产总值建设用地使用面积下降不少于40%；用水总量不超过国家下达指标。明确自然灾害风险重点防控区域，划定地质灾害、洪涝、森林防火等风险控制线，落实战略性矿产资源、历史文化保护等安全保障空间，全面锚固高质量发展的空间底线。三、构建支撑新发展格局的国土空间体系。深入实施区域协调发展战略、区域重大战略、主体功能区战略、新型城镇化战略和乡村振兴战略，促进形成主体功能明显、优势互补、高质量发展的国土空间开发保护新格局。按照主体功能定位，推动黄河源区、黄河“几”字弯地区、黄河下游地区协同发展，增强区域整体竞争力和综合承载力，深度融入共建“一带一路”，加强与京津冀、长江经济带、粤港澳大湾区、长三角地区等区域重大战略地区的协同联动。四、系统优化国土空间开发保护格局。在黄河源区，一体化保护高寒地区生态系统整体性，支撑打造生态文明建设高地；以自然恢复为主全面推进黄河源区生态修复，筑牢三江源“中华水塔”生态安全屏障。在黄河“几”字弯地区，重点治理晋陕宁蒙黄土区水土流失，推进黄河左右岸线流沙及沿线“沙头、沙口、沙源”治理；打造规模连片高质量的粮食生产基地，合理拓展粮食生产潜力空间；推进沿黄城市集聚集约发展，培育新兴增长极；充分利用沙漠、戈壁、荒漠等建设重要清洁能源走廊；实施地表水地下水联合调蓄和战略储备，坚决遏制挖湖造景。在黄河下游地区，增强山东半岛、中原城市群与京津冀、长三角等城市群之间的区域联系和融合发展；实施滩区差别化空间管控，增强下游洪涝灾害防御能力；加强生态系统综合治理，强化黄河入海口地区绿色低碳高质量发展空间保障。完善主体功能区配套政策，推动黄河源区、黄河“几”字弯地区、黄河下游地区优化人口、资源、产业合理配置，推动区域整体统筹产业链、供应链布局，依托城市群、都市圈和中心城市打造产业科技创新高地，为构建新发展格局提供支撑。统筹传统和新型基础设施空间布局，构建现代化基础设施网络，强化应对气候变化和极端天气的防灾减灾救灾基础设施，全面提升国土空间韧性。弘扬黄河文化，强化文化遗产与自然遗产整体保护和系统活化利用，健全跨行政区协同机制，将各类遗产保护管理纳入国土空间规划，构建文化资源、自然资源、景观资源整体保护的空间体系。五、维护规划严肃性权威性。《规划》是对黄河流域国土空间作出的全局安排，是区域国土空间保护、开发、利用、修复的政策和总纲，是有关地方各级编制实施国土空间规划的重要依据，必须严格执行。要自觉接受国土空间规划的指导约束，不得随意修改、违规变更，对不符合国土空间规划的用地用海、未批先建等违法违规行为要严肃查处。按照定期体检和五年一评估的要求，健全各级各类国土空间规划实施监测评估预警机制，将规划评估结果作为规划实施监督考核的重要依据。建立健全规划监督、执法、问责联动机制，实施规划全生命周期管理。六、做好规划实施保障。黄河流域各省（自治区）人民政府要加强组织领导，明确责任分工，健全工作机制，完善配套政策措施，将《规划》确定的目标指标、重点任务,政府网站,plan_texts,0,2480
国务院关于黑龙江省国土空间规划20212035年的批复_1766919481.txt,国务院关于《黑龙江省国土空间规划（2021—2035年）》的批复,标题文号机构正文全部高级检索名称国务院关于《黑龙江省国土空间规划（2021—2035年）》的批复文号发布机构业务类型废止记录国函〔2024〕7号国务院土地管理成文时间效力级别来一一源时效状态2024年01月09日国务院文件中国政府网现行有效名称国务院关于《黑龙江省国土空间规划（2021—2035年）》的批复文号发布机构效力级别国函〔2024〕7号国务院国务院文件成文时间业务类型来一一源2024年01月09日土地管理中国政府网黑龙江省人民政府、自然资源部：你们关于报请批准《黑龙江省国土空间规划（2021—2035年）》的请示收悉。现批复如下：一、原则同意自然资源部审查通过的《黑龙江省国土空间规划（2021—2035年）》（以下简称《规划》）。《规划》是黑龙江省空间发展的指南、可持续发展的空间蓝图，是各类开发保护建设活动的基本依据，请认真组织实施。黑龙江省地处东北亚中心区域，是国家重要商品粮生产基地、重型装备生产制造基地、重要能源及原材料基地、北方生态安全屏障、向北开放新高地。《规划》实施要坚持以习近平新时代中国特色社会主义思想为指导，全面贯彻落实党的二十大精神，完整、准确、全面贯彻新发展理念，坚持以人民为中心，统筹发展和安全，促进人与自然和谐共生，在全面振兴、全方位振兴中奋力开创黑龙江高质量发展新局面。二、筑牢安全发展的空间基础。到2035年，黑龙江省耕地保有量不低于24993.00万亩，其中永久基本农田保护面积不低于20327.00万亩；生态保护红线面积不低于15.13万平方千米；城镇开发边界扩展倍数控制在基于2020年城镇建设用地规模的1.3倍以内；单位国内生产总值建设用地使用面积下降不少于40%；用水总量不超过国家下达指标，其中2025年不超过363.3亿立方米。明确自然灾害风险重点防控区域，划定洪涝等风险控制线，落实战略性矿产资源、历史文化保护等安全保障空间，全面锚固高质量发展的空间底线。三、构建支撑新发展格局的国土空间体系。深入实施区域协调发展战略、区域重大战略、主体功能区战略、新型城镇化战略和乡村振兴战略，促进形成主体功能明显、优势互补、高质量发展的国土空间开发保护新格局。积极参与中蒙俄经济走廊建设，深度融入共建“一带一路”，完善面向东北亚开放的交通运输网络，推动口岸集群发展和对外开放平台建设。四、系统优化国土空间开发保护格局。发挥区域比较优势，优化主体功能定位，细化主体功能区划分，完善差别化支持政策。以发展现代化大农业为主攻方向，加快建设现代农业大基地、大企业、大产业，加强黑土地数量、质量、生态“三位一体”保护，把发展农业科技放在更加突出的位置，创新农业经营方式，提高粮食生产综合效益，当好国家粮食安全“压舱石”。加快推进以国家公园为主体的自然保护地建设，构建以珍稀动植物为重点的生物多样性保护网络，严格实施黑龙江、松花江、嫩江等河湖水域空间保护和分类管控，加强扎龙、洪河等湿地保护修复，筑牢东北森林带生态屏障。建设哈尔滨都市圈，大力发展区域中心城市，完善边境地区城镇功能布局，分区分类优化村庄布局，科学统筹各类公共服务资源配置，构建宜居宜业城乡生活圈。统筹传统和新型基础设施空间布局，加快建设重要陆路通道、河海航道、能源管道等基础设施。优化防灾减灾救灾设施区域布局，提高国土空间安全韧性。健全文化遗产与自然遗产空间保护机制，强化文化遗产与自然遗产整体保护和系统活化利用，加强渤海国上京龙泉府遗址、金上京遗址等历史文化遗产以及红色文化遗产保护，守护好原生态风貌，构建文化资源、自然资源、景观资源整体保护的空间体系。五、维护规划严肃性权威性。《规划》是对黑龙江省国土空间作出的全局安排，是省域国土空间保护、开发、利用、修复的政策和总纲，必须严格执行，任何部门和个人不得随意修改、违规变更。按照定期体检和五年一评估的要求，健全各级各类国土空间规划实施监测评估预警机制，将规划评估结果作为规划实施监督考核的重要依据。建立健全规划监督、执法、问责联动机制，实施规划全生命周期管理。六、做好规划实施保障。黑龙江省人民政府要加强组织领导，明确责任分工，健全工作机制，完善配套政策措施。做好《规划》印发和公开，强化社会监督。组织完成地方各级国土空间总体规划、详细规划、相关专项规划编制工作，加快形成统一的国土空间规划体系，统筹国土空间开发保护。强化对水利、交通、能源、农业、信息、市政等基础设施以及公共服务设施、军事设施、生态环境保护、文物保护、林业草原等专项规划的指导约束，在国土空间规划“一张图”上协调解决矛盾问题，合理优化空间布局。建立健全国土空间规划委员会制度，发挥对国土空间规划编制实施管理的统筹协调作用。按照“统一底图、统一标准、统一规划、统一平台”的要求，完善国土空间规划“一张图”系统和国土空间基础信息平台，建设国土空间规划实施监测网络，提高空间治,政府网站,plan_texts,0,2196
国家测绘产品质量检验测试中心2025年度公开招聘在职人员面试公告_1766919481.txt,国家测绘产品质量检验测试中心2025年度公开招聘在职人员面试公告,国家测绘产品质量检验测试中心2025年度公开招聘在职人员面试公告根据公开招聘在职人员工作安排，现就面试有关事项公告如下。一、面试人员名单以下人员通过笔试，进入面试（按姓氏笔画排序）：刘婷、姜增琛、张也、唐珂、谢司琪。二、面试时间、地点时间：2025年10月21日上午9:00。地点：自然资源部莲花池办公区（北京市海淀区莲花池西路28号）三层第一会议室。请进入面试人员注意查收短信，保持电话畅通。三、注意事项（一）考生须在面试报到时出示本人身份证。（二）考生要严格遵守面试纪律，请于当日8：30前到达候考室签到，由工作人员核验身份证件后，现场抽签确定面试顺序。截至当日9：30未到面试地点报到的考生，视为自动放弃面试。（三）考生如确定不参加面试的，请提交由本人签字的《自愿放弃面试资格声明》（附件）扫描件，于10月17日（星期五）12：00前，发送至zjzxgkzp@163.com。（四）为确保面试工作秩序，除参加面试考生外，随行的其他人员请勿进入面试地点。考生要服从工作人员安排，不得喧哗或者随意走动。面试结束后请立即离开考区，以免影响其他考生。（五）请考生密切关注自然资源部门户网站、国家测绘产品质量检验测试中心网站，以便于及时掌握有关信息。（六）凡在应聘过程中存在弄虚作假者，一经查实取消录用资格。联系人及电话：李老师 010—63881823；白老师 010—63881803。国家测绘产品质量检验测试中心2025年10月15日,政府网站,plan_texts,0,618
自然资源调查监测成果目录规范等32项行业标准报批稿公示_1766919481.txt,《自然资源调查监测成果目录规范》等32项行业标准报批稿公示,《自然资源调查监测成果目录规范》等32项行业标准报批稿公示按照自然资源行业标准制定程序要求和计划安排，自然资源部组织有关单位制定了《自然资源调查监测成果目录规范》等32项行业标准。现已通过全国自然资源与国土空间规划标委会（TC93）和全国海洋标委会（TC283）审查，拟公示后报部审定发布实施，现予公示，公示时间为5个工作日。如有意见和异议，可于公示期内以书面形式，向科技发展司提出，并注明真实姓名、工作单位、联系方式以及提出异议的事实依据等信息。联系人：李敏科技发展司010-66557270郑祎凡 TC93 010-61592083陈华TC283022-27539529邮箱：tc93@canre.org.cn传  真：010-66557578自然资源部科技发展司2025年11月21日,政府网站,plan_texts,0,345
自然资源部关于2024年度自然资源科学技术奖获奖成果的公告_1766919481.txt,自然资源部关于2024年度自然资源科学技术奖获奖成果的公告,自然资源部关于2024年度自然资源科学技术奖获奖成果的公告根据《自然资源科学技术奖章程（暂行）》有关规定，中国土地学会、中国地质学会、中国地质矿产经济学会、中国海洋学会、中国太平洋学会、中国测绘学会、中国自然资源学会会同自然资源科学技术奖励委员会办公室组织完成2024年度自然资源科学技术奖评选工作。经公示和自然资源科学技术奖励委员会审定，获奖成果223项，其中科技进步奖159项，找矿奖14项，青年科技奖50项。现予公告。希望获奖单位和个人继续发扬求真务实、勇于创新的科学精神，为推动自然资源科技创新做出新的更大贡献！自然资源部2025年11月14日,政府网站,plan_texts,0,276
自然资源部关于2025年第九批规划编制单位甲级资质认定的公告_1766919481.txt,自然资源部关于2025年第九批规划编制单位甲级资质认定的公告,自然资源部关于2025年第九批规划编制单位甲级资质认定的公告根据《中华人民共和国城乡规划法》《中华人民共和国行政许可法》以及《城乡规划编制单位资质管理办法》，现将经我部审查认定的规划编制单位甲级资质认定名单予以公布。特此公告。自然资源部2025年11月17日,政府网站,plan_texts,0,129
自然资源部关于2025年第八批规划编制单位甲级资质认定的公告_1766919481.txt,自然资源部关于2025年第八批规划编制单位甲级资质认定的公告,自然资源部关于2025年第八批规划编制单位甲级资质认定的公告根据《中华人民共和国城乡规划法》《中华人民共和国行政许可法》以及《城乡规划编制单位资质管理办法》，现将经我部审查认定的规划编制单位甲级资质认定名单予以公布。特此公告。自然资源部2025年10月11日,政府网站,plan_texts,0,129
自然资源部关于内蒙古库布齐沙漠基地送电上海工程受端配套过江工程项目海域使用论证报告的公示_1766919481.txt,自然资源部关于内蒙古库布齐沙漠基地送电上海工程受端配套过江工程项目海域使用论证报告的公示,自然资源部关于内蒙古库布齐沙漠基地送电上海工程受端配套过江工程项目海域使用论证报告的公示近期，我部受理了内蒙古库布齐沙漠基地送电上海工程受端配套过江工程项目用海申请。根据《自然资源部关于规范海域使用论证材料编制的通知》（自然资规〔2021〕1号）的相关要求，现将该项目的海域使用论证报告予以公示，公示期为2025年10月15日—10月28日（10个工作日）。如有意见，请反馈至hyhds_public@mail.mnr.gov.cn。具体信息如下：1.海域使用申请人：国网上海市电力公司。2.海域使用论证报告编制单位：中国电力工程顾问集团华东电力设计院有限公司。3.海域使用论证报告全文（公示的海域使用论证报告不含涉及国家秘密、商业秘密、个人隐私等方面内容）。,政府网站,plan_texts,0,330
自然资源部关于如东洋口港经济开发区浒苔防控渔民转产基地围海养殖项目海域使用论证报告的公示_1766919481.txt,自然资源部关于如东洋口港经济开发区浒苔防控渔民转产基地（围海养殖）项目海域使用论证报告的公示,自然资源部关于如东洋口港经济开发区浒苔防控渔民转产基地（围海养殖）项目海域使用论证报告的公示近期，我部受理了如东洋口港经济开发区浒苔防控渔民转产基地（围海养殖）项目用海申请。根据《自然资源部关于规范海域使用论证材料编制的通知》（自然资规〔2021〕1号）的相关要求，现将该项目的海域使用论证报告予以公示，公示期为2025年12月15日—12月26日（10个工作日）。如有意见，请反馈至hyhds_public@mail.mnr.gov.cn。具体信息如下：1.海域使用申请人：江苏洋口港临港产业投资有限公司。2.海域使用论证报告编制单位：海域海岛环境科技研究院（天津）有限公司。3.海域使用论证报告全文（公示的海域使用论证报告不含涉及国家秘密、商业秘密、个人隐私等方面内容）。,政府网站,plan_texts,0,338
自然资源部关于矿产资源节约与综合利用先进适用技术目录2025年版的公告_1766919481.txt,自然资源部关于《矿产资源节约与综合利用先进适用技术目录（2025年版）》的公告,自然资源部关于《矿产资源节约与综合利用先进适用技术目录（2025年版）》的公告为深入贯彻落实党中央、国务院关于推进生态文明建设的战略决策部署，加快矿产资源节约与综合利用先进适用技术推广应用，切实发挥技术政策的引导作用，根据《自然资源部办公厅关于开展矿产资源节约与综合利用先进适用技术目录更新工作的通知》（自然资办函〔2025〕826号）要求，我部组织开展了新一轮矿产资源节约与综合利用先进适用技术目录评选更新工作。经自愿申报、省级自然资源主管部门及有关单位推荐、专家评选、社会公示等程序，遴选产生了《矿产资源节约与综合利用先进适用技术目录（2025年版）》，现予以公告。《矿产资源节约和综合利用先进适用技术目录（2022年版）》（自然资源部公告2022年第68号）同时废止。自然资源部2025年11月11日,政府网站,plan_texts,0,353
自然资源部办公厅_国家市场监督管理总局办公厅关于开展2025年自然资源检验检测机构能力验证工作的通知_1766919481.txt,自然资源部办公厅 国家市场监督管理总局办公厅关于开展2025年自然资源检验检测机构能力验证工作的通知,自然资源部办公厅 国家市场监督管理总局办公厅关于开展2025年自然资源检验检测机构能力验证工作的通知有关检验检测机构，能力验证项目承担单位：为提高检验检测机构技术能力，支撑自然资源事业高质量发展，根据《检验检测机构资质认定管理办法》《检验检测机构监督管理办法》《检验检测机构能力验证管理办法》《自然资源部 国家市场监督管理总局关于加强支撑自然资源事业高质量发展的检验检测能力建设的通知》等有关规定和要求，现组织开展2025年自然资源检验检测机构能力验证工作。有关事项通知如下：一、计划项目本次能力验证计划共6项，其中，在国土资源和海洋领域开展“海水中镉的测定”“土壤中镉的测定”“铜镍矿石中镍的测定”3项；在测绘领域开展“机载激光雷达点云数据”“平面控制测量成果”“北斗/GNSS测量型接收机动态（RTK）检测”3项。由国家海洋标准计量中心、国家地质实验测试中心、国家测绘产品质量检验测试中心、国家光电测距仪检测中心共同组织实施（详情见附件）。二、参加对象具备相关项目（参数）检验检测能力的自然资源领域（国土资源、海洋和测绘）国家级资质认定检验检测机构和自然资源系统所属省级测绘领域相关检验检测机构，应当参加本次能力验证。其他检验检测机构可根据自身实际自愿报名参加。三、实施要求（一）项目承担单位要高度重视能力验证工作，细化实施方案，配备足够资源，保障本次能力验证工作及时、科学、有效实施，于2026年1月30日前向自然资源部科技发展司报送本次能力验证总结报告和相关技术资料（包括参加机构清单、未按要求参加机构清单、统计数据和评价结果）。（二）参加机构应当按照项目承担单位要求独立完成检验检测活动，真实、客观、及时报送检验检测结果。四、结果运用（一）本次能力验证结果将公开发布。能力验证结果合格的检验检测机构，可视情况简化相关项目的资质认定技术评审内容。鼓励政府部门、社会组织及其他方选择使用能力验证结果合格的机构提供技术服务。（二）能力验证不合格的检验检测机构，应按照《检验检测机构资质认定管理办法》《检验检测机构能力验证管理办法》等相关要求进行整改和验证。（三）对按照本《通知》要求应当参加而无故不参加的检验检测机构，能力验证结果按不合格处理。五、联系方式自然资源部科技发展司，李敏，010-66557270。自然资源部办公厅        国家市场监督管理总局办公厅2025年12月16日,政府网站,plan_texts,0,997
自然资源部办公厅关于公布2025年自然资源科普讲解大赛科普微视频大赛和优秀科普图书获奖名单的通知_1766919481.txt,自然资源部办公厅关于公布2025年自然资源科普讲解大赛、科普微视频大赛和优秀科普图书获奖名单的通知,自然资源部办公厅关于公布2025年自然资源科普讲解大赛、科普微视频大赛和优秀科普图书获奖名单的通知各省、自治区、直辖市自然资源主管部门，新疆生产建设兵团自然资源局，上海市海洋局、浙江省海洋经济发展厅、福建省海洋与渔业局、山东省海洋局、广西壮族自治区海洋局、海南省海洋厅，中国地质调查局及部其他直属单位，各派出机构，各科技创新平台，其他有关单位：为深入贯彻落实习近平新时代中国特色社会主义思想和习近平总书记关于科普工作的重要指示精神，加强新修订的《中华人民共和国科学技术普及法》宣贯，按照《自然资源部办公厅关于开展2025年自然资源科普有关活动的通知》（自然资办函〔2025〕322号）要求，组织开展了2025年自然资源科普讲解大赛、科普微视频大赛、优秀科普图书推荐等系列品牌科普活动。经组织推荐、专家评审、社会公示等程序，科普讲解大赛评选出一等奖5名、二等奖10名、三等奖24名、优秀奖57名、最佳口才奖1名、最佳形象奖1名、最具人气奖2名、优秀组织奖27个；科普微视频大赛评选出《极地“雪龙”》等30部优秀作品；优秀科普图书推荐评选出《“大江大河科普绘本”系列丛书》等30部优秀科普图书。现将2025年自然资源科普讲解大赛、科普微视频大赛和优秀科普图书获奖名单予以公布（详见附件）。请各有关单位做好优秀自然资源科普作品的宣传推广，在全社会深入普及自然资源科学知识，展示科技创新成果，倡导科学方法，弘扬科学精神，引导公众树立人与自然和谐共生的科学理念。自然资源部办公厅2025年10月13日,政府网站,plan_texts,0,645
自然资源部办公厅关于印发省级国土空间生态修复规划实施评估指南试行的通知_1766919481.txt,自然资源部办公厅关于印发《省级国土空间生态修复规划实施评估指南（试行）》的通知,自然资源部办公厅关于印发《省级国土空间生态修复规划实施评估指南（试行）》的通知各省、自治区、直辖市自然资源主管部门，新疆生产建设兵团自然资源局，中国地质调查局及部其他直属单位，部有关司局：《省级国土空间生态修复规划实施评估指南（试行）》已经部领导同意，现予印发，请在省级国土空间生态修复规划实施评估工作中参照使用。过程中如有问题和建议，请向部国土空间生态修复司反馈。自然资源部办公厅2025年10月9日,政府网站,plan_texts,0,201
自然资源部办公厅关于发布新一轮找矿突破战略行动2025年度科技支撑项目申报指南的通知_1766919481.txt,自然资源部办公厅关于发布新一轮找矿突破战略行动2025年度科技支撑项目申报指南的通知,自然资源部办公厅关于发布新一轮找矿突破战略行动2025年度科技支撑项目申报指南的通知各省、自治区、直辖市自然资源主管部门，新疆生产建设兵团自然资源局，中国地质调查局及部其他直属单位，有关自然资源部科技创新平台，各有关单位:为充分发挥科技创新对矿产勘查的引领作用，进一步破解找矿突破遇到的关键科技问题，我部经广泛征集、专家评审形成《新一轮找矿突破战略行动2025年度科技支撑项目申报指南》（以下简称《指南》）。按照新一轮找矿突破战略行动办公室相关工作安排，现将《指南》予以发布，请根据指南要求组织项目申报工作。有关事项通知如下。一、项目申报程序（一）填写申报书。由地勘单位或科研机构、高校、科研创新平台或企业等自由申报，鼓励各单位组成联合团队协同攻关。项目申报单位根据《指南》列出的研究任务（见附件1），填写项目申报书（见附件2），详细说明申报项目的基本情况、主要研究内容、主要目标及考核指标、创新性认识或技术研发成果、经费及来源等。（二）提供申报单位承诺书和推荐单位意见。申报单位需提供申报项目完成立项且已落实项目经费的承诺，确保项目研究工作如期开展。申报书须经各地方自然资源主管部门、中国地质调查局或中央管理地勘单位等推荐，各推荐单位应在本单位职能和业务范围内推荐，并对推荐项目的真实性等负责。（三）自然资源部科技发展司组织有关单位做好项目申请受理、评审遴选等工作。二、申报要求（一）基本要求请有关单位积极组织项目申报，立项项目可作为部级科技项目业绩参与职称评审、岗位竞聘、奖励申报等。1.项目申报单位根据《指南》列出的研究任务组织申报，项目工作内容须覆盖指南方向的全部研究内容和考核指标。不同申报单位可针对同一工作内容联合申报，同一项目联合申报单位数量原则上不超过10家。2.项目设负责人1名，对项目的整体技术路线制定和调整、参与团队成员的确定及调整、项目经费的安排及调整等负总责。项目可结合总经费额度和工作内容下设课题，经费投入300-500万元的，下设课题不超过3个；经费投入500万元及以上的，下设课题不超过6个。项目组织实施应整合单位创新团队，聚焦研究任务、强化各项子任务间的统筹衔接，集中力量联合攻关。项目申报单位应充分发挥找矿青年人才作用，青年承担项目或课题的比例不低于50%。3.项目实施周期原则上2－3年。申报项目受理后，原则上不能更改申报单位和项目负责人。（二）申报单位资格1.申报单位应为2025年3月20日前在中国大陆境内登记注册的科研院所、高等院校和企业等独立法人单位。政府机关不得牵头或参与申报。2.申报单位为企业的，应具备相应科研团队、科研能力和条件，运营管理状况良好。3.申报单位诚信状况良好，无在承接执行期内的科研失信行为记录和相关社会领域信用“黑名单”记录。（三）经费保障由项目承担单位自筹经费立项实施，原则上不含中央财政经费。自然资源部将统筹利用各类资源对承担单位予以支持。鼓励各地方、行业部门等结合实际情况，在政策支持、资金投入、资源配套等方面加大扶持力度。项目经费配套能力是评审项目的重要考评指标，择优支持经费配套能力强的申报团队。三、申报方式（一）申报材料填报申报材料包括项目申报书、单位法人证书复印件及相关附件，A4纸双面打印，统一装订成册，一式5份（均须盖章）。请于2026年3月20日前(以寄出时间为准)将盖章纸质件和电子件光盘寄（送）至自然资源部矿产勘查技术指导中心。逾期视为放弃。（二）联系方式联 系 人：杜泽忠咨询电话：010-58584362，15811189156地    址：北京市西城区阜外大街45号院自然资源部矿产勘查技术指导中心邮政编码：100037自然资源部办公厅2025年12月22日,政府网站,plan_texts,0,1529
自然资源部办公厅关于通报表扬在甘肃省永靖县黄茨2号滑坡成功避险中作出突出贡献的单位和个人的函_1766919481.txt,自然资源部办公厅关于通报表扬在甘肃省永靖县黄茨2号滑坡成功避险中作出突出贡献的单位和个人的函,自然资源部办公厅关于通报表扬在甘肃省永靖县黄茨2号滑坡成功避险中作出突出贡献的单位和个人的函各省、自治区、直辖市自然资源主管部门，新疆生产建设兵团自然资源局，中国地质调查局办公室：2025年12月10日15时许，甘肃省临夏州永靖县盐锅峡镇黄茨2号滑坡发生复活滑动，滑坡共造成直接经济损失约3950万元，灾情等级为特大型。由于群测群防员第一时间发现险情，及时预警，盐锅峡镇政府果断对威胁区和影响区人员进行转移，组织120户378人成功避险，避免了重大人员伤亡。该起地质灾害之所以能够成功避险，得益于地方健全的防灾体系和完善的防灾预案，得益于基层群测群防员的履职尽责，得益于各级党委政府的高度重视，得益于各级自然资源主管部门强有力的组织执行。正是由于地方政府和基层组织层层压实责任，定期开展培训演练，才使得群众具有较强的防灾意识和临灾避险能力。为充分肯定该滑坡群测群防员及相关政府、部门和基层组织的突出贡献，发挥典型案例示范引领作用，我部决定对群测群防员张得元同志和黄茨村委、盐锅峡镇政府、甘肃省地质矿产勘查开发局水文地质工程地质勘察院、甘肃省煤田地质局一四九地质队、永靖县自然资源局、临夏州自然资源局、甘肃省自然资源厅予以通报表扬。希望受到表扬的个人和单位珍惜荣誉，再接再厉，牢记习近平总书记殷殷嘱托，强化底线思维和极限思维，坚持“人民至上、生命至上”理念，切实增强“时时放心不下”的责任感，进一步完善综合防治体系，加强科技手段创新运用，履职尽责、积极作为，全面筑牢安全底板，切实保障人民群众生命财产安全。时值冬季，冷暖交替引发的地质灾害风险不容忽视，希望各地自然资源主管部门认真借鉴学习甘肃省永靖县盐锅峡镇黄茨2号滑坡成功避险的有益经验，高度重视冬春季防灾减灾工作，压实属地管理责任。一是要深刻认识目前气候变化带来的地质灾害发生态势变化，克服麻痹思想，强化冬春季地质灾害防范工作，坚持责任不放松、措施不放松；二是要持续加强冬春季雨情、雪情监测，针对前期降雨（雪）量大，地下水丰富、湿度变化大、冷暖交替频繁、人类工程活动强烈的地质灾害风险区加强防范手段；三是要进一步完善群测群防制度体系，充实群测群防员队伍，确保地质灾害防范应对在时间和空间上不留死角、不留盲区。自然资源部办公厅2025年12月19日,政府网站,plan_texts,0,949
自然资源部所属单位2025年度公开招聘工作人员第四批拟聘人员公示一_1766919481.txt,自然资源部所属单位2025年度公开招聘工作人员（第四批）拟聘人员公示（一）,自然资源部所属单位2025年度公开招聘工作人员（第四批）拟聘人员公示（一）根据事业单位公开招聘工作有关规定，现将自然资源部所属单位2025年度公开招聘工作人员（第四批）部分单位拟聘用人员予以公示。公示期间，如有问题，请向招聘单位反映，或直接通过中央和国家机关所属事业单位公开招聘服务平台反映。序号招聘单位和岗位姓名学历学位专业原工作单位受理电话、来信地址及邮编1自然资源部海洋减灾中心海洋灾害灾情统计技术岗（2805）郑洋硕士研究生环境科学中国海洋大学受理电话：010-62492549来信地址及邮编：北京市海淀区北安河七王坟北路6号，1001942中国大洋事务管理局机制秘书处专业技术岗4（2404）段克博士研究生环境科学与工程中国自然资源经济研究院受理电话：010-68012179来信地址及邮编：北京市西城区复兴门外大街1号，100860自然资源部矿产资源储量评审中心：2025年度计划公开招聘1名在职人员（综合管理岗-岗位编码0902）。因通过资格审查人数与岗位拟招聘人数比例未达到5:1，经研究取消此次招聘计划。自然资源部所属单位2025年度公开招聘工作人员（第四批）招聘单位其余岗位尚未完成招聘程序，另行公示。公示时间：2025年10月17日至2025年10月23日自然资源部人事司2025年10月16日,政府网站,plan_texts,0,558
自然资源部所属单位2025年度公开招聘工作人员第四批拟聘人员公示三_1766919481.txt,自然资源部所属单位2025年度公开招聘工作人员（第四批）拟聘人员公示（三）,自然资源部所属单位2025年度公开招聘工作人员（第四批）拟聘人员公示（三）根据事业单位公开招聘工作有关规定，现将自然资源部所属单位2025年度公开招聘工作人员（第四批）部分单位拟聘用人员予以公示。公示期间，如有问题，请向招聘单位反映，或直接通过中央和国家机关所属事业单位公开招聘服务平台反映。序号招聘单位和岗位姓名学历学位专业原工作单位受理电话、来信地址及邮编1中国地质博物馆科技管理岗（项目管理、规划编制）（岗位编码：1101）郎昱博士研究生土地资源管理清华大学受理电话：010-66557404；来信地址及邮编：北京市西城区西四羊肉胡同15号中国地质博物馆人事处，1000342中国地质博物馆计算机科学与技术应用岗（岗位编码：1102）刘海阳硕士研究生信息技术中电数创（北京）科技有限公司自然资源部所属单位2025年度公开招聘工作人员（第四批）招聘单位其余岗位尚未完成招聘程序，另行公示。公示时间：2025年11月22日至2025年11月28日自然资源部人事司2025年11月21日,政府网站,plan_texts,0,443
自然资源部机关服务局2025年公开招聘在职人员考察对象名单_1766919481.txt,自然资源部机关服务局2025年公开招聘在职人员考察对象名单,自然资源部机关服务局2025年公开招聘在职人员考察对象名单根据《自然资源部直属事业单位公开招聘在职人员和引进科技创新人才暂行办法》规定，经资格审查、笔试、面试等程序，按照报考岗位考生综合成绩确定考察对象。现将考察对象名单公布如下：一、综合管理岗（1301岗）刘明昊二、人事管理岗（1302岗）赵思阳三、安全管理岗（1303岗）邱怡凯四、信访管理岗（1304岗）武栋五、医疗保健岗（1305岗）张咪六、财务管理岗（1306岗）刘新新自然资源部机关服务局2025年10月16日,政府网站,plan_texts,0,236
自然资源部机关服务局2025年度公开招聘在职人员面试递补公告_1766919481.txt,自然资源部机关服务局2025年度公开招聘在职人员面试递补公告,自然资源部机关服务局2025年度公开招聘在职人员面试递补公告因有考生放弃面试资格，经我单位研究后，在报考同职位笔试成绩合格的考生中，按照笔试成绩由高到低顺序进行了递补。递补面试人员为：弓羽嘉、杨滨蔓。自然资源部机关服务局2025年10月14日,政府网站,plan_texts,0,121
自然资源部第四海洋研究所2025年度公开招聘在职人员拟聘人员公示二_1766919481.txt,自然资源部第四海洋研究所2025年度公开招聘在职人员拟聘人员公示（二）,自然资源部第四海洋研究所2025年度公开招聘在职人员拟聘人员公示（二）根据事业单位公开招聘工作有关规定，现将我单位2025年度公开招聘在职人员拟聘人员予以公示。公示期间，如有问题，请向我单位反映，或直接通过中央和国家机关所属事业单位公开招聘服务平台反映。招聘岗位姓名学历学位专业原工作单位受理电话、来信地址及邮编海洋有机氮循环与生态系统动力学研究岗王蕊博士研究生海洋生物学山东大学受理电话：0779-6850511来信地址及邮编：广西壮族自治区北海市银海区海景大道201号北海海洋产业科技园区海滨路1号1幢，536015公示时间：2025年10月17日至2025年10月23日。自然资源部第四海洋研究所2025年10月16日,政府网站,plan_texts,0,312
国土空间规划数据_示例_2_1766919481.txt,国土空间规划数据_示例_2,这是关于国土空间规划数据的示例数据，包含相关统计信息和描述。数据覆盖范围包括多个区域，时间跨度为2020-2023年。主要指标包括面积、比例、变化率等。这是关于国土空间规划数据的示例数据，包含相关统计信息和描述。数据覆盖范围包括多个区域，时间跨度为2020-2023年。主要指标包括面积、比例、变化率等。这是关于国土空间规划数据的示例数据，包含相关统计信息和描述。数据覆盖范围包括多个区域，时间跨度为2020-2023年。主要指标包括面积、比例、变化率等。这是关于国土空间规划数据的示例数据，包含相关统计信息和描述。数据覆盖范围包括多个区域，时间跨度为2020-2023年。主要指标包括面积、比例、变化率等。这是关于国土空间规划数据的示例数据，包含相关统计信息和描述。数据覆盖范围包括多个区域，时间跨度为2020-2023年。主要指标包括面积、比例、变化率等。这是关于国土空间规划数据的示例数据，包含相关统计信息和描述。数据覆盖范围包括多个区域，时间跨度为2020-2023年。主要指标包括面积、比例、变化率等。,模拟开放数据,policy_files,0,456
土地利用现状数据_示例_1_1766919481.txt,土地利用现状数据_示例_1,这是关于土地利用现状数据的示例数据，包含相关统计信息和描述。数据覆盖范围包括多个区域，时间跨度为2020-2023年。主要指标包括面积、比例、变化率等。这是关于土地利用现状数据的示例数据，包含相关统计信息和描述。数据覆盖范围包括多个区域，时间跨度为2020-2023年。主要指标包括面积、比例、变化率等。这是关于土地利用现状数据的示例数据，包含相关统计信息和描述。数据覆盖范围包括多个区域，时间跨度为2020-2023年。主要指标包括面积、比例、变化率等。这是关于土地利用现状数据的示例数据，包含相关统计信息和描述。数据覆盖范围包括多个区域，时间跨度为2020-2023年。主要指标包括面积、比例、变化率等。这是关于土地利用现状数据的示例数据，包含相关统计信息和描述。数据覆盖范围包括多个区域，时间跨度为2020-2023年。主要指标包括面积、比例、变化率等。,模拟开放数据,policy_files,0,380
广东地区用地协调案例_11_1766919481.txt,广东地区用地协调案例_11,湖北地区生态修复项目顺利推进，各方达成共识。湖北地区生态修复项目顺利推进，各方达成共识。湖北地区生态修复项目顺利推进，各方达成共识。湖北地区生态修复项目顺利推进，各方达成共识。湖北地区生态修复项目顺利推进，各方达成共识。,新闻报道,policy_files,0,110
广东地区用地协调案例_15_1766919481.txt,广东地区用地协调案例_15,河南地区基础设施建设项目顺利推进，各方达成共识。河南地区基础设施建设项目顺利推进，各方达成共识。河南地区基础设施建设项目顺利推进，各方达成共识。河南地区基础设施建设项目顺利推进，各方达成共识。河南地区基础设施建设项目顺利推进，各方达成共识。河南地区基础设施建设项目顺利推进，各方达成共识。河南地区基础设施建设项目顺利推进，各方达成共识。河南地区基础设施建设项目顺利推进，各方达成共识。河南地区基础设施建设项目顺利推进，各方达成共识。河南地区基础设施建设项目顺利推进，各方达成共识。河南地区基础设施建设项目顺利推进，各方达成共识。河南地区基础设施建设项目顺利推进，各方达成共识。河南地区基础设施建设项目顺利推进，各方达成共识。河南地区基础设施建设项目顺利推进，各方达成共识。河南地区基础设施建设项目顺利推进，各方达成共识。,新闻报道,policy_files,0,360
建设用地审批数据_示例_3_1766919481.txt,建设用地审批数据_示例_3,这是关于建设用地审批数据的示例数据，包含相关统计信息和描述。数据覆盖范围包括多个区域，时间跨度为2020-2023年。主要指标包括面积、比例、变化率等。这是关于建设用地审批数据的示例数据，包含相关统计信息和描述。数据覆盖范围包括多个区域，时间跨度为2020-2023年。主要指标包括面积、比例、变化率等。这是关于建设用地审批数据的示例数据，包含相关统计信息和描述。数据覆盖范围包括多个区域，时间跨度为2020-2023年。主要指标包括面积、比例、变化率等。这是关于建设用地审批数据的示例数据，包含相关统计信息和描述。数据覆盖范围包括多个区域，时间跨度为2020-2023年。主要指标包括面积、比例、变化率等。这是关于建设用地审批数据的示例数据，包含相关统计信息和描述。数据覆盖范围包括多个区域，时间跨度为2020-2023年。主要指标包括面积、比例、变化率等。,模拟开放数据,policy_files,0,380
浙江地区用地协调案例_1_1766919481.txt,浙江地区用地协调案例_1,北京地区基础设施建设项目顺利推进，各方达成共识。北京地区基础设施建设项目顺利推进，各方达成共识。北京地区基础设施建设项目顺利推进，各方达成共识。北京地区基础设施建设项目顺利推进，各方达成共识。北京地区基础设施建设项目顺利推进，各方达成共识。北京地区基础设施建设项目顺利推进，各方达成共识。,新闻报道,policy_files,0,144
浙江地区用地协调案例_5_1766919481.txt,浙江地区用地协调案例_5,江苏地区农田改造项目顺利推进，各方达成共识。江苏地区农田改造项目顺利推进，各方达成共识。江苏地区农田改造项目顺利推进，各方达成共识。江苏地区农田改造项目顺利推进，各方达成共识。江苏地区农田改造项目顺利推进，各方达成共识。江苏地区农田改造项目顺利推进，各方达成共识。江苏地区农田改造项目顺利推进，各方达成共识。江苏地区农田改造项目顺利推进，各方达成共识。江苏地区农田改造项目顺利推进，各方达成共识。江苏地区农田改造项目顺利推进，各方达成共识。江苏地区农田改造项目顺利推进，各方达成共识。江苏地区农田改造项目顺利推进，各方达成共识。江苏地区农田改造项目顺利推进，各方达成共识。江苏地区农田改造项目顺利推进，各方达成共识。江苏地区农田改造项目顺利推进，各方达成共识。,新闻报道,policy_files,0,330
湖北地区用地协调案例_13_1766919481.txt,湖北地区用地协调案例_13,湖南地区基础设施建设项目顺利推进，各方达成共识。湖南地区基础设施建设项目顺利推进，各方达成共识。湖南地区基础设施建设项目顺利推进，各方达成共识。湖南地区基础设施建设项目顺利推进，各方达成共识。湖南地区基础设施建设项目顺利推进，各方达成共识。,新闻报道,policy_files,0,120
湖南地区用地协调案例_7_1766919481.txt,湖南地区用地协调案例_7,上海地区基础设施建设项目顺利推进，各方达成共识。上海地区基础设施建设项目顺利推进，各方达成共识。上海地区基础设施建设项目顺利推进，各方达成共识。上海地区基础设施建设项目顺利推进，各方达成共识。上海地区基础设施建设项目顺利推进，各方达成共识。上海地区基础设施建设项目顺利推进，各方达成共识。上海地区基础设施建设项目顺利推进，各方达成共识。上海地区基础设施建设项目顺利推进，各方达成共识。上海地区基础设施建设项目顺利推进，各方达成共识。上海地区基础设施建设项目顺利推进，各方达成共识。上海地区基础设施建设项目顺利推进，各方达成共识。上海地区基础设施建设项目顺利推进，各方达成共识。上海地区基础设施建设项目顺利推进，各方达成共识。,新闻报道,policy_files,0,312
生态保护数据_示例_5_1766919481.txt,生态保护数据_示例_5,这是关于生态保护数据的示例数据，包含相关统计信息和描述。数据覆盖范围包括多个区域，时间跨度为2020-2023年。主要指标包括面积、比例、变化率等。这是关于生态保护数据的示例数据，包含相关统计信息和描述。数据覆盖范围包括多个区域，时间跨度为2020-2023年。主要指标包括面积、比例、变化率等。这是关于生态保护数据的示例数据，包含相关统计信息和描述。数据覆盖范围包括多个区域，时间跨度为2020-2023年。主要指标包括面积、比例、变化率等。这是关于生态保护数据的示例数据，包含相关统计信息和描述。数据覆盖范围包括多个区域，时间跨度为2020-2023年。主要指标包括面积、比例、变化率等。这是关于生态保护数据的示例数据，包含相关统计信息和描述。数据覆盖范围包括多个区域，时间跨度为2020-2023年。主要指标包括面积、比例、变化率等。这是关于生态保护数据的示例数据，包含相关统计信息和描述。数据覆盖范围包括多个区域，时间跨度为2020-2023年。主要指标包括面积、比例、变化率等。这是关于生态保护数据的示例数据，包含相关统计信息和描述。数据覆盖范围包括多个区域，时间跨度为2020-2023年。主要指标包括面积、比例、变化率等。,模拟开放数据,policy_files,0,518
耕地保护数据_示例_4_1766919481.txt,耕地保护数据_示例_4,这是关于耕地保护数据的示例数据，包含相关统计信息和描述。数据覆盖范围包括多个区域，时间跨度为2020-2023年。主要指标包括面积、比例、变化率等。这是关于耕地保护数据的示例数据，包含相关统计信息和描述。数据覆盖范围包括多个区域，时间跨度为2020-2023年。主要指标包括面积、比例、变化率等。这是关于耕地保护数据的示例数据，包含相关统计信息和描述。数据覆盖范围包括多个区域，时间跨度为2020-2023年。主要指标包括面积、比例、变化率等。,模拟开放数据,policy_files,0,222
上海地区用地冲突案例_17_1766919481.txt,上海地区用地冲突案例_17,湖南地区因农田改造规划调整引发争议，当地居民方表示不满。湖南地区因农田改造规划调整引发争议，当地居民方表示不满。湖南地区因农田改造规划调整引发争议，当地居民方表示不满。湖南地区因农田改造规划调整引发争议，当地居民方表示不满。湖南地区因农田改造规划调整引发争议，当地居民方表示不满。湖南地区因农田改造规划调整引发争议，当地居民方表示不满。湖南地区因农田改造规划调整引发争议，当地居民方表示不满。湖南地区因农田改造规划调整引发争议，当地居民方表示不满。湖南地区因农田改造规划调整引发争议，当地居民方表示不满。湖南地区因农田改造规划调整引发争议，当地居民方表示不满。湖南地区因农田改造规划调整引发争议，当地居民方表示不满。湖南地区因农田改造规划调整引发争议，当地居民方表示不满。湖南地区因农田改造规划调整引发争议，当地居民方表示不满。湖南地区因农田改造规划调整引发争议，当地居民方表示不满。湖南地区因农田改造规划调整引发争议，当地居民方表示不满。,新闻报道,conflict_cases,1,420
上海地区用地冲突案例_18_1766919481.txt,上海地区用地冲突案例_18,湖南项目因用地性质变更导致农田改造冲突，目前正在协调中。湖南项目因用地性质变更导致农田改造冲突，目前正在协调中。湖南项目因用地性质变更导致农田改造冲突，目前正在协调中。湖南项目因用地性质变更导致农田改造冲突，目前正在协调中。湖南项目因用地性质变更导致农田改造冲突，目前正在协调中。湖南项目因用地性质变更导致农田改造冲突，目前正在协调中。湖南项目因用地性质变更导致农田改造冲突，目前正在协调中。湖南项目因用地性质变更导致农田改造冲突，目前正在协调中。湖南项目因用地性质变更导致农田改造冲突，目前正在协调中。湖南项目因用地性质变更导致农田改造冲突，目前正在协调中。湖南项目因用地性质变更导致农田改造冲突，目前正在协调中。湖南项目因用地性质变更导致农田改造冲突，目前正在协调中。,新闻报道,conflict_cases,1,336
上海地区用地冲突案例_3_1766919481.txt,上海地区用地冲突案例_3,湖北项目因用地性质变更导致基础设施建设冲突，目前正在协调中。湖北项目因用地性质变更导致基础设施建设冲突，目前正在协调中。湖北项目因用地性质变更导致基础设施建设冲突，目前正在协调中。湖北项目因用地性质变更导致基础设施建设冲突，目前正在协调中。湖北项目因用地性质变更导致基础设施建设冲突，目前正在协调中。湖北项目因用地性质变更导致基础设施建设冲突，目前正在协调中。,新闻报道,conflict_cases,1,180
江苏地区用地冲突案例_16_1766919481.txt,江苏地区用地冲突案例_16,湖南市农田改造地块开发引发开发商矛盾，相关部门已介入处理。湖南市农田改造地块开发引发开发商矛盾，相关部门已介入处理。湖南市农田改造地块开发引发开发商矛盾，相关部门已介入处理。湖南市农田改造地块开发引发开发商矛盾，相关部门已介入处理。湖南市农田改造地块开发引发开发商矛盾，相关部门已介入处理。湖南市农田改造地块开发引发开发商矛盾，相关部门已介入处理。湖南市农田改造地块开发引发开发商矛盾，相关部门已介入处理。湖南市农田改造地块开发引发开发商矛盾，相关部门已介入处理。湖南市农田改造地块开发引发开发商矛盾，相关部门已介入处理。湖南市农田改造地块开发引发开发商矛盾，相关部门已介入处理。湖南市农田改造地块开发引发开发商矛盾，相关部门已介入处理。湖南市农田改造地块开发引发开发商矛盾，相关部门已介入处理。湖南市农田改造地块开发引发开发商矛盾，相关部门已介入处理。湖南市农田改造地块开发引发开发商矛盾，相关部门已介入处理。湖南市农田改造地块开发引发开发商矛盾，相关部门已介入处理。,新闻报道,conflict_cases,1,435
河北地区用地冲突案例_19_1766919481.txt,河北地区用地冲突案例_19,浙江地区因农田改造规划调整引发争议，政府部门方表示不满。浙江地区因农田改造规划调整引发争议，政府部门方表示不满。浙江地区因农田改造规划调整引发争议，政府部门方表示不满。浙江地区因农田改造规划调整引发争议，政府部门方表示不满。浙江地区因农田改造规划调整引发争议，政府部门方表示不满。浙江地区因农田改造规划调整引发争议，政府部门方表示不满。浙江地区因农田改造规划调整引发争议，政府部门方表示不满。浙江地区因农田改造规划调整引发争议，政府部门方表示不满。,新闻报道,conflict_cases,1,224
河北地区用地冲突案例_20_1766919481.txt,河北地区用地冲突案例_20,河南项目因用地性质变更导致农田改造冲突，目前正在协调中。河南项目因用地性质变更导致农田改造冲突，目前正在协调中。河南项目因用地性质变更导致农田改造冲突，目前正在协调中。河南项目因用地性质变更导致农田改造冲突，目前正在协调中。河南项目因用地性质变更导致农田改造冲突，目前正在协调中。河南项目因用地性质变更导致农田改造冲突，目前正在协调中。河南项目因用地性质变更导致农田改造冲突，目前正在协调中。河南项目因用地性质变更导致农田改造冲突，目前正在协调中。河南项目因用地性质变更导致农田改造冲突，目前正在协调中。河南项目因用地性质变更导致农田改造冲突，目前正在协调中。河南项目因用地性质变更导致农田改造冲突，目前正在协调中。河南项目因用地性质变更导致农田改造冲突，目前正在协调中。,新闻报道,conflict_cases,1,336
河北地区用地冲突案例_2_1766919481.txt,河北地区用地冲突案例_2,浙江市生态修复地块开发引发农民集体矛盾，相关部门已介入处理。浙江市生态修复地块开发引发农民集体矛盾，相关部门已介入处理。浙江市生态修复地块开发引发农民集体矛盾，相关部门已介入处理。浙江市生态修复地块开发引发农民集体矛盾，相关部门已介入处理。浙江市生态修复地块开发引发农民集体矛盾，相关部门已介入处理。浙江市生态修复地块开发引发农民集体矛盾，相关部门已介入处理。,新闻报道,conflict_cases,1,180
河北地区用地冲突案例_4_1766919481.txt,河北地区用地冲突案例_4,上海地区因农田改造规划调整引发争议，当地居民方表示不满。上海地区因农田改造规划调整引发争议，当地居民方表示不满。上海地区因农田改造规划调整引发争议，当地居民方表示不满。上海地区因农田改造规划调整引发争议，当地居民方表示不满。上海地区因农田改造规划调整引发争议，当地居民方表示不满。上海地区因农田改造规划调整引发争议，当地居民方表示不满。上海地区因农田改造规划调整引发争议，当地居民方表示不满。上海地区因农田改造规划调整引发争议，当地居民方表示不满。上海地区因农田改造规划调整引发争议，当地居民方表示不满。上海地区因农田改造规划调整引发争议，当地居民方表示不满。上海地区因农田改造规划调整引发争议，当地居民方表示不满。上海地区因农田改造规划调整引发争议，当地居民方表示不满。上海地区因农田改造规划调整引发争议，当地居民方表示不满。上海地区因农田改造规划调整引发争议，当地居民方表示不满。,新闻报道,conflict_cases,1,392
河南地区用地冲突案例_10_1766919481.txt,河南地区用地冲突案例_10,四川项目因用地性质变更导致房地产开发冲突，目前正在协调中。四川项目因用地性质变更导致房地产开发冲突，目前正在协调中。四川项目因用地性质变更导致房地产开发冲突，目前正在协调中。四川项目因用地性质变更导致房地产开发冲突，目前正在协调中。四川项目因用地性质变更导致房地产开发冲突，目前正在协调中。四川项目因用地性质变更导致房地产开发冲突，目前正在协调中。,新闻报道,conflict_cases,1,174
河南地区用地冲突案例_6_1766919481.txt,河南地区用地冲突案例_6,江苏项目因用地性质变更导致农田改造冲突，目前正在协调中。江苏项目因用地性质变更导致农田改造冲突，目前正在协调中。江苏项目因用地性质变更导致农田改造冲突，目前正在协调中。江苏项目因用地性质变更导致农田改造冲突，目前正在协调中。江苏项目因用地性质变更导致农田改造冲突，目前正在协调中。江苏项目因用地性质变更导致农田改造冲突，目前正在协调中。江苏项目因用地性质变更导致农田改造冲突，目前正在协调中。江苏项目因用地性质变更导致农田改造冲突，目前正在协调中。江苏项目因用地性质变更导致农田改造冲突，目前正在协调中。江苏项目因用地性质变更导致农田改造冲突，目前正在协调中。,新闻报道,conflict_cases,1,280
浙江地区用地冲突案例_9_1766919481.txt,浙江地区用地冲突案例_9,河南项目因用地性质变更导致工业园区冲突，目前正在协调中。河南项目因用地性质变更导致工业园区冲突，目前正在协调中。河南项目因用地性质变更导致工业园区冲突，目前正在协调中。河南项目因用地性质变更导致工业园区冲突，目前正在协调中。河南项目因用地性质变更导致工业园区冲突，目前正在协调中。河南项目因用地性质变更导致工业园区冲突，目前正在协调中。河南项目因用地性质变更导致工业园区冲突，目前正在协调中。河南项目因用地性质变更导致工业园区冲突，目前正在协调中。河南项目因用地性质变更导致工业园区冲突，目前正在协调中。河南项目因用地性质变更导致工业园区冲突，目前正在协调中。,新闻报道,conflict_cases,1,280
湖北地区用地冲突案例_14_1766919481.txt,湖北地区用地冲突案例_14,湖南地区因生态修复规划调整引发争议，当地居民方表示不满。湖南地区因生态修复规划调整引发争议，当地居民方表示不满。湖南地区因生态修复规划调整引发争议，当地居民方表示不满。湖南地区因生态修复规划调整引发争议，当地居民方表示不满。湖南地区因生态修复规划调整引发争议，当地居民方表示不满。湖南地区因生态修复规划调整引发争议，当地居民方表示不满。湖南地区因生态修复规划调整引发争议，当地居民方表示不满。湖南地区因生态修复规划调整引发争议，当地居民方表示不满。湖南地区因生态修复规划调整引发争议，当地居民方表示不满。湖南地区因生态修复规划调整引发争议，当地居民方表示不满。,新闻报道,conflict_cases,1,280
湖北地区用地冲突案例_8_1766919481.txt,湖北地区用地冲突案例_8,湖南项目因用地性质变更导致工业园区冲突，目前正在协调中。湖南项目因用地性质变更导致工业园区冲突，目前正在协调中。湖南项目因用地性质变更导致工业园区冲突，目前正在协调中。湖南项目因用地性质变更导致工业园区冲突，目前正在协调中。湖南项目因用地性质变更导致工业园区冲突，目前正在协调中。湖南项目因用地性质变更导致工业园区冲突，目前正在协调中。湖南项目因用地性质变更导致工业园区冲突，目前正在协调中。湖南项目因用地性质变更导致工业园区冲突，目前正在协调中。湖南项目因用地性质变更导致工业园区冲突，目前正在协调中。湖南项目因用地性质变更导致工业园区冲突，目前正在协调中。湖南项目因用地性质变更导致工业园区冲突，目前正在协调中。湖南项目因用地性质变更导致工业园区冲突，目前正在协调中。湖南项目因用地性质变更导致工业园区冲突，目前正在协调中。湖南项目因用地性质变更导致工业园区冲突，目前正在协调中。湖南项目因用地性质变更导致工业园区冲突，目前正在协调中。,新闻报道,conflict_cases,1,420
湖南地区用地冲突案例_12_1766919481.txt,湖南地区用地冲突案例_12,上海项目因用地性质变更导致基础设施建设冲突，目前正在协调中。上海项目因用地性质变更导致基础设施建设冲突，目前正在协调中。上海项目因用地性质变更导致基础设施建设冲突，目前正在协调中。上海项目因用地性质变更导致基础设施建设冲突，目前正在协调中。上海项目因用地性质变更导致基础设施建设冲突，目前正在协调中。上海项目因用地性质变更导致基础设施建设冲突，目前正在协调中。上海项目因用地性质变更导致基础设施建设冲突，目前正在协调中。上海项目因用地性质变更导致基础设施建设冲突，目前正在协调中。上海项目因用地性质变更导致基础设施建设冲突，目前正在协调中。上海项目因用地性质变更导致基础设施建设冲突，目前正在协调中。,新闻报道,conflict_cases,1,300
